customer_id,name,email,phone,created_at
1,Aditya Jain,customer1@example.com,9746879296,2026-04-19
2,Riya Khan,customer2@example.com,9444898148,2026-02-16
3,Aditya Patel,customer3@example.com,9809656613,2026-01-27
4,Ananya Mishra,customer4@example.com,9747060047,2026-03-17
5,Rahul Mehta,customer5@example.com,9576642996,2026-04-20
6,Kavya Sharma,customer6@example.com,9880411013,2026-03-31
7,Simran Jain,customer7@example.com,9394801573,2026-04-01
8,Vivaan Gupta,customer8@example.com,9820678212,2026-06-13
9,Meera Patel,customer9@example.com,9650921917,2026-06-13
10,Rahul Sharma,customer10@example.com,9253308283,2026-06-23
11,Kavya Sharma,customer11@example.com,9235538456,2026-06-05
12,Karan Sinha,customer12@example.com,9792738367,2026-01-18
13,Neha Jain,customer13@example.com,9709074302,2026-04-04
14,Simran Verma,customer14@example.com,9829137330,2026-01-09
15,Neha Patel,customer15@example.com,9576676179,2026-04-26
16,Aditi Verma,customer16@example.com,9668503222,2026-01-20
17,Meera Patel,customer17@example.com,9797460535,2026-04-04
18,Karan Gupta,customer18@example.com,9127824235,2026-03-13
19,Pooja Yadav,customer19@example.com,9515524530,2026-02-17
20,Arjun Khan,customer20@example.com,9932111777,2026-05-24
21,Kavya Singh,customer21@example.com,9756998124,2026-03-08
22,Pooja Singh,customer22@example.com,9231680929,2026-03-15
23,Aditya Mishra,customer23@example.com,9285388355,2026-02-04
24,Aditya Sinha,customer24@example.com,9832215964,2026-04-24
25,Neha Mehta,customer25@example.com,9169727803,2026-03-23
26,Riya Khan,customer26@example.com,9422076028,2026-05-21
27,Rahul Sinha,customer27@example.com,9488149273,2026-02-10
28,Karan Gupta,customer28@example.com,9315801027,2026-05-11
29,Karan Sinha,customer29@example.com,9630452018,2026-02-05
30,Neha Yadav,customer30@example.com,9714478186,2026-01-07
31,Kavya Sinha,customer31@example.com,9692326390,2026-04-05
32,Simran Gupta,customer32@example.com,9170596494,2026-02-03
33,Meera Mehta,customer33@example.com,9871880418,2026-03-21
34,Nisha Jain,customer34@example.com,9925884151,2026-05-03
35,Aditi Gupta,customer35@example.com,9234568604,2026-04-15
36,Aditya Mishra,customer36@example.com,9600184588,2026-03-23
37,Nisha Patel,customer37@example.com,9237798236,2026-06-24
38,Aditi Verma,customer38@example.com,9924399252,2026-05-22
39,Sneha Yadav,customer39@example.com,9159499094,2026-02-03
40,Nisha Verma,customer40@example.com,9426551245,2026-02-01
41,Rahul Patel,customer41@example.com,9861639583,2026-02-12
42,Neha Yadav,customer42@example.com,9404994549,2026-02-27
43,Priya Singh,customer43@example.com,9781887358,2026-01-21
44,Priya Verma,customer44@example.com,9771112648,2026-05-22
45,Simran Yadav,customer45@example.com,9200317984,2026-03-19
46,Rahul Agarwal,customer46@example.com,9723464439,2026-05-09
47,Rahul Srivastava,customer47@example.com,9770529419,2026-02-09
48,Isha Tiwari,customer48@example.com,9705180256,2026-06-04
49,Aarav Gupta,customer49@example.com,9148814238,2026-01-11
50,Aditi Khan,customer50@example.com,9799145494,2026-06-14
51,Aditi Jain,customer51@example.com,9763688866,2026-02-23
52,Aarav Mishra,customer52@example.com,9773412230,2026-06-13
53,Ananya Srivastava,customer53@example.com,9424371087,2026-05-20
54,Karan Sinha,customer54@example.com,9966884723,2026-05-04
55,Meera Khan,customer55@example.com,9586989309,2026-06-25
56,Vivaan Verma,customer56@example.com,9572022811,2026-01-19
57,Pooja Mishra,customer57@example.com,9319068042,2026-04-17
58,Simran Verma,customer58@example.com,9435632899,2026-03-29
59,Neha Jain,customer59@example.com,9240409084,2026-03-23
60,Nisha Yadav,customer60@example.com,9214014134,2026-04-05
61,Karan Mishra,customer61@example.com,9231556899,2026-03-23
62,Kavya Singh,customer62@example.com,9251266214,2026-03-10
63,Vivaan Khan,customer63@example.com,9512477736,2026-01-25
64,Sneha Singh,customer64@example.com,9271476207,2026-06-07
65,Aditi Mehta,customer65@example.com,9435775088,2026-03-25
66,Rahul Mishra,customer66@example.com,9652681586,2026-02-18
67,Pooja Khan,customer67@example.com,9634047267,2026-04-30
68,Aditya Jain,customer68@example.com,9642716859,2026-01-06
69,Karan Singh,customer69@example.com,9726360971,2026-04-28
70,Vivaan Sharma,customer70@example.com,9402104065,2026-04-01
71,Simran Tiwari,customer71@example.com,9802506364,2026-05-07
72,Pooja Khan,customer72@example.com,9676267306,2026-06-22
73,Arjun Jain,customer73@example.com,9243811545,2026-01-03
74,Neha Sinha,customer74@example.com,9532990767,2026-03-09
75,Vivaan Jain,customer75@example.com,9154930149,2026-04-04
76,Riya Singh,customer76@example.com,9489256938,2026-05-26
77,Ananya Gupta,customer77@example.com,9514838889,2026-05-22
78,Kavya Sinha,customer78@example.com,9690404558,2026-05-10
79,Simran Srivastava,customer79@example.com,9756102581,2026-03-13
80,Rohan Gupta,customer80@example.com,9522950895,2026-01-31
81,Isha Yadav,customer81@example.com,9492566853,2026-04-06
82,Aman Agarwal,customer82@example.com,9646666136,2026-02-06
83,Nisha Sharma,customer83@example.com,9148644109,2026-04-13
84,Rohan Mehta,customer84@example.com,9457599735,2026-01-10
85,Nisha Mishra,customer85@example.com,9259923818,2026-05-02
86,Nisha Verma,customer86@example.com,9452150647,2026-06-05
87,Isha Verma,customer87@example.com,9521931770,2026-06-06
88,Ananya Agarwal,customer88@example.com,9461178244,2026-06-07
89,Nisha Yadav,customer89@example.com,9625968839,2026-05-10
90,Ananya Mishra,customer90@example.com,9975903641,2026-05-25
91,Neha Patel,customer91@example.com,9823494111,2026-01-05
92,Sneha Agarwal,customer92@example.com,9430366556,2026-01-29
93,Aarav Agarwal,customer93@example.com,9609587361,2026-06-26
94,Aditi Agarwal,customer94@example.com,9344322679,2026-03-09
95,Aditi Mishra,customer95@example.com,9283085932,2026-01-14
96,Simran Sinha,customer96@example.com,9508226265,2026-05-15
97,Karan Sharma,customer97@example.com,9714792641,2026-02-07
98,Arjun Singh,customer98@example.com,9120333847,2026-06-29
99,Isha Jain,customer99@example.com,9262598077,2026-04-23
100,Aman Jain,customer100@example.com,9638824588,2026-04-16
101,Pooja Tiwari,customer101@example.com,9890099255,2026-06-06
102,Rohan Yadav,customer102@example.com,9322631460,2026-01-16
103,Isha Srivastava,customer103@example.com,9613646933,2026-05-24
104,Meera Patel,customer104@example.com,9285953213,2026-05-15
105,Riya Patel,customer105@example.com,9686556403,2026-04-28
106,Priya Agarwal,customer106@example.com,9619884429,2026-04-01
107,Karan Khan,customer107@example.com,9699240979,2026-02-19
108,Karan Khan,customer108@example.com,9928042067,2026-03-18
109,Aman Mehta,customer109@example.com,9856975382,2026-03-15
110,Isha Mishra,customer110@example.com,9474524558,2026-05-06
111,Priya Khan,customer111@example.com,9230861323,2026-05-24
112,Riya Jain,customer112@example.com,9523625992,2026-05-27
113,Rohan Khan,customer113@example.com,9145168545,2026-03-30
114,Aditya Patel,customer114@example.com,9574997731,2026-03-15
115,Priya Mehta,customer115@example.com,9614407444,2026-06-17
116,Aman Tiwari,customer116@example.com,9678293640,2026-02-24
117,Riya Mehta,customer117@example.com,9391651334,2026-03-11
118,Arjun Agarwal,customer118@example.com,9895525625,2026-02-05
119,Karan Singh,customer119@example.com,9154508960,2026-05-31
120,Nisha Singh,customer120@example.com,9784987769,2026-06-21
121,Vivaan Gupta,customer121@example.com,9543778963,2026-03-01
122,Pooja Gupta,customer122@example.com,9831424323,2026-03-26
123,Aarav Yadav,customer123@example.com,9269587940,2026-02-05
124,Pooja Mishra,customer124@example.com,9798510601,2026-04-15
125,Ananya Patel,customer125@example.com,9406462391,2026-02-21
126,Vivaan Sinha,customer126@example.com,9196057712,2026-06-15
127,Aditi Singh,customer127@example.com,9674615376,2026-06-16
128,Rahul Jain,customer128@example.com,9999371401,2026-01-10
129,Vivaan Tiwari,customer129@example.com,9526269674,2026-02-15
130,Rahul Mehta,customer130@example.com,9410812797,2026-05-07
131,Aarav Khan,customer131@example.com,9709844411,2026-01-10
132,Arjun Patel,customer132@example.com,9405545745,2026-06-04
133,Riya Yadav,customer133@example.com,9630334421,2026-04-27
134,Nisha Mishra,customer134@example.com,9392956587,2026-02-04
135,Arjun Patel,customer135@example.com,9274476883,2026-02-19
136,Priya Mehta,customer136@example.com,9299929730,2026-04-28
137,Isha Sinha,customer137@example.com,9416779880,2026-01-04
138,Aman Verma,customer138@example.com,9756007396,2026-05-26
139,Meera Tiwari,customer139@example.com,9559242868,2026-06-13
140,Isha Gupta,customer140@example.com,9530391423,2026-05-12
141,Arjun Verma,customer141@example.com,9250980852,2026-06-21
142,Isha Singh,customer142@example.com,9107333788,2026-05-03
143,Meera Singh,customer143@example.com,9579678614,2026-03-08
144,Isha Khan,customer144@example.com,9725412469,2026-03-10
145,Aarav Khan,customer145@example.com,9801887172,2026-05-27
146,Karan Sharma,customer146@example.com,9817029885,2026-04-03
147,Kavya Khan,customer147@example.com,9271494637,2026-01-31
148,Nisha Mehta,customer148@example.com,9926610534,2026-04-14
149,Arjun Srivastava,customer149@example.com,9416794215,2026-03-21
150,Simran Singh,customer150@example.com,9335287540,2026-04-05
151,Pooja Verma,customer151@example.com,9588529624,2026-02-04
152,Neha Jain,customer152@example.com,9853703117,2026-06-05
153,Pooja Sinha,customer153@example.com,9677155220,2026-05-21
154,Aman Sinha,customer154@example.com,9365713980,2026-06-20
155,Simran Tiwari,customer155@example.com,9945432844,2026-06-24
156,Nisha Mishra,customer156@example.com,9667121569,2026-01-21
157,Neha Gupta,customer157@example.com,9705771555,2026-06-30
158,Vivaan Tiwari,customer158@example.com,9688033900,2026-01-29
159,Aman Agarwal,customer159@example.com,9676234459,2026-05-10
160,Rahul Patel,customer160@example.com,9658712474,2026-02-08
161,Arjun Srivastava,customer161@example.com,9320548167,2026-04-24
162,Pooja Gupta,customer162@example.com,9648011361,2026-05-30
163,Vivaan Mishra,customer163@example.com,9241674152,2026-04-25
164,Sneha Mishra,customer164@example.com,9705495031,2026-05-12
165,Riya Mishra,customer165@example.com,9822378827,2026-01-15
166,Aarav Jain,customer166@example.com,9373221357,2026-03-20
167,Aman Agarwal,customer167@example.com,9178414859,2026-01-01
168,Sneha Patel,customer168@example.com,9852032540,2026-01-12
169,Riya Sharma,customer169@example.com,9174108740,2026-01-17
170,Vivaan Khan,customer170@example.com,9539017530,2026-05-01
171,Rohan Sinha,customer171@example.com,9788832222,2026-02-16
172,Sneha Patel,customer172@example.com,9510684364,2026-06-15
173,Meera Jain,customer173@example.com,9186167773,2026-04-25
174,Riya Verma,customer174@example.com,9801726890,2026-06-24
175,Arjun Verma,customer175@example.com,9676876906,2026-03-31
176,Nisha Verma,customer176@example.com,9881531720,2026-04-11
177,Aarav Sinha,customer177@example.com,9124411864,2026-02-27
178,Kavya Srivastava,customer178@example.com,9872121274,2026-03-18
179,Sneha Yadav,customer179@example.com,9507245006,2026-05-20
180,Karan Mishra,customer180@example.com,9471686188,2026-02-28
181,Priya Singh,customer181@example.com,9878488534,2026-02-09
182,Vivaan Sinha,customer182@example.com,9808881871,2026-01-29
183,Simran Sinha,customer183@example.com,9116799547,2026-04-18
184,Aman Gupta,customer184@example.com,9208337018,2026-03-03
185,Vivaan Mishra,customer185@example.com,9741866641,2026-06-02
186,Vivaan Singh,customer186@example.com,9895149930,2026-06-22
187,Meera Mishra,customer187@example.com,9351619881,2026-01-12
188,Aman Sinha,customer188@example.com,9933291969,2026-05-19
189,Rohan Yadav,customer189@example.com,9410594268,2026-01-15
190,Aditi Patel,customer190@example.com,9720058859,2026-03-01
191,Isha Singh,customer191@example.com,9424017094,2026-06-03
192,Nisha Singh,customer192@example.com,9544056890,2026-02-06
193,Priya Sharma,customer193@example.com,9697771523,2026-03-18
194,Rahul Srivastava,customer194@example.com,9828802398,2026-06-01
195,Riya Mishra,customer195@example.com,9150341410,2026-04-20
196,Meera Sinha,customer196@example.com,9663137920,2026-03-30
197,Sneha Jain,customer197@example.com,9260221190,2026-03-23
198,Meera Verma,customer198@example.com,9910048118,2026-03-18
199,Pooja Singh,customer199@example.com,9341961866,2026-05-18
200,Rohan Sinha,customer200@example.com,9597169479,2026-03-18
201,Riya Jain,customer201@example.com,9547221915,2026-01-15
202,Nisha Verma,customer202@example.com,9517061783,2026-05-23
203,Priya Singh,customer203@example.com,9454617185,2026-03-04
204,Aditya Mishra,customer204@example.com,9498441427,2026-06-15
205,Riya Mehta,customer205@example.com,9990568217,2026-01-24
206,Vivaan Khan,customer206@example.com,9504981031,2026-02-18
207,Simran Agarwal,customer207@example.com,9142463863,2026-06-22
208,Aman Sinha,customer208@example.com,9917865301,2026-01-19
209,Riya Singh,customer209@example.com,9614745610,2026-05-31
210,Isha Khan,customer210@example.com,9116464447,2026-02-23
211,Aman Mehta,customer211@example.com,9225967304,2026-02-24
212,Karan Mehta,customer212@example.com,9748971205,2026-05-03
213,Aman Jain,customer213@example.com,9356979659,2026-06-30
214,Isha Sinha,customer214@example.com,9403932500,2026-05-22
215,Kavya Yadav,customer215@example.com,9796559239,2026-04-08
216,Ananya Khan,customer216@example.com,9486165467,2026-04-02
217,Pooja Mishra,customer217@example.com,9205879779,2026-05-12
218,Isha Singh,customer218@example.com,9498041381,2026-05-01
219,Sneha Sharma,customer219@example.com,9704006325,2026-03-22
220,Rohan Sharma,customer220@example.com,9380004069,2026-02-26
221,Aditi Agarwal,customer221@example.com,9873106931,2026-05-22
222,Ananya Verma,customer222@example.com,9310659326,2026-04-17
223,Karan Jain,customer223@example.com,9711806831,2026-03-26
224,Pooja Yadav,customer224@example.com,9802879944,2026-03-04
225,Isha Khan,customer225@example.com,9919652226,2026-06-25
226,Pooja Mishra,customer226@example.com,9280639501,2026-05-06
227,Rahul Verma,customer227@example.com,9873430762,2026-04-01
228,Pooja Verma,customer228@example.com,9682115008,2026-05-20
229,Vivaan Yadav,customer229@example.com,9136317983,2026-06-14
230,Vivaan Sinha,customer230@example.com,9106854580,2026-01-20
231,Rohan Tiwari,customer231@example.com,9777210736,2026-04-16
232,Aditya Mehta,customer232@example.com,9262166848,2026-03-01
233,Aman Yadav,customer233@example.com,9589636644,2026-01-03
234,Vivaan Agarwal,customer234@example.com,9784755860,2026-04-06
235,Simran Mishra,customer235@example.com,9807901168,2026-06-20
236,Aarav Sharma,customer236@example.com,9671458801,2026-05-05
237,Sneha Sharma,customer237@example.com,9117959560,2026-05-22
238,Priya Yadav,customer238@example.com,9407829477,2026-05-16
239,Nisha Tiwari,customer239@example.com,9849320474,2026-01-05
240,Sneha Sinha,customer240@example.com,9292486308,2026-06-22
241,Arjun Yadav,customer241@example.com,9259877461,2026-01-28
242,Aman Agarwal,customer242@example.com,9665277813,2026-03-03
243,Neha Khan,customer243@example.com,9953556386,2026-03-06
244,Aditya Patel,customer244@example.com,9535968611,2026-04-12
245,Aditi Singh,customer245@example.com,9848651792,2026-04-28
246,Ananya Srivastava,customer246@example.com,9989124880,2026-02-27
247,Vivaan Gupta,customer247@example.com,9535164258,2026-01-21
248,Meera Yadav,customer248@example.com,9611106584,2026-04-08
249,Aarav Mehta,customer249@example.com,9284021712,2026-01-15
250,Pooja Tiwari,customer250@example.com,9565906941,2026-01-22
251,Isha Agarwal,customer251@example.com,9202393989,2026-06-15
252,Vivaan Singh,customer252@example.com,9327007332,2026-05-16
253,Aditi Mishra,customer253@example.com,9391086098,2026-06-27
254,Aditya Srivastava,customer254@example.com,9401048226,2026-01-12
255,Aditi Srivastava,customer255@example.com,9135328023,2026-05-20
256,Isha Sharma,customer256@example.com,9322434334,2026-02-15
257,Rohan Sinha,customer257@example.com,9981209973,2026-05-31
258,Aditya Khan,customer258@example.com,9274429624,2026-04-12
259,Karan Agarwal,customer259@example.com,9996199211,2026-05-25
260,Riya Patel,customer260@example.com,9512151733,2026-04-10
261,Aditya Yadav,customer261@example.com,9900427880,2026-02-05
262,Vivaan Gupta,customer262@example.com,9569319938,2026-03-30
263,Aditya Patel,customer263@example.com,9749794986,2026-03-01
264,Simran Jain,customer264@example.com,9930598266,2026-06-07
265,Aarav Srivastava,customer265@example.com,9393482659,2026-03-25
266,Pooja Singh,customer266@example.com,9482049366,2026-04-26
267,Meera Jain,customer267@example.com,9299434489,2026-05-22
268,Aditi Srivastava,customer268@example.com,9508099975,2026-06-24
269,Simran Khan,customer269@example.com,9956905222,2026-01-22
270,Aditya Gupta,customer270@example.com,9387732777,2026-03-05
271,Meera Mehta,customer271@example.com,9941695782,2026-02-09
272,Rohan Mehta,customer272@example.com,9518353415,2026-06-12
273,Neha Gupta,customer273@example.com,9198269319,2026-03-23
274,Ananya Mishra,customer274@example.com,9486458467,2026-01-02
275,Arjun Verma,customer275@example.com,9193734690,2026-03-11
276,Sneha Mishra,customer276@example.com,9698058121,2026-02-17
277,Nisha Jain,customer277@example.com,9210909937,2026-05-23
278,Aditya Patel,customer278@example.com,9695088987,2026-01-07
279,Simran Agarwal,customer279@example.com,9942284665,2026-01-24
280,Meera Sharma,customer280@example.com,9413368711,2026-03-25
281,Meera Sinha,customer281@example.com,9190945411,2026-04-16
282,Karan Agarwal,customer282@example.com,9659531734,2026-05-24
283,Meera Verma,customer283@example.com,9249078381,2026-02-13
284,Ananya Khan,customer284@example.com,9629487801,2026-03-10
285,Aditya Verma,customer285@example.com,9566730092,2026-02-07
286,Sneha Khan,customer286@example.com,9619939412,2026-03-12
287,Neha Khan,customer287@example.com,9364774064,2026-01-20
288,Pooja Agarwal,customer288@example.com,9762143074,2026-06-10
289,Kavya Gupta,customer289@example.com,9245480775,2026-02-20
290,Aarav Jain,customer290@example.com,9456715514,2026-03-19
291,Meera Sinha,customer291@example.com,9453842723,2026-06-08
292,Isha Jain,customer292@example.com,9975610118,2026-04-23
293,Simran Verma,customer293@example.com,9422589929,2026-06-16
294,Simran Mehta,customer294@example.com,9315662642,2026-03-24
295,Isha Verma,customer295@example.com,9527606494,2026-05-03
296,Ananya Mehta,customer296@example.com,9846205223,2026-03-23
297,Pooja Agarwal,customer297@example.com,9939638591,2026-06-12
298,Isha Jain,customer298@example.com,9400969989,2026-03-04
299,Neha Gupta,customer299@example.com,9705429879,2026-04-11
300,Aditi Yadav,customer300@example.com,9293195372,2026-02-21
301,Riya Sharma,customer301@example.com,9880839406,2026-06-24
302,Aman Mishra,customer302@example.com,9956508307,2026-04-29
303,Aditya Tiwari,customer303@example.com,9954330018,2026-03-16
304,Pooja Verma,customer304@example.com,9780039397,2026-04-15
305,Karan Khan,customer305@example.com,9807233980,2026-03-19
306,Sneha Sinha,customer306@example.com,9504790811,2026-02-09
307,Kavya Agarwal,customer307@example.com,9614574336,2026-01-19
308,Meera Yadav,customer308@example.com,9643971182,2026-05-30
309,Sneha Yadav,customer309@example.com,9139476288,2026-06-27
310,Riya Agarwal,customer310@example.com,9785240944,2026-04-03
311,Arjun Sinha,customer311@example.com,9366535973,2026-01-22
312,Neha Verma,customer312@example.com,9794710793,2026-06-18
313,Vivaan Agarwal,customer313@example.com,9792596980,2026-06-06
314,Meera Sinha,customer314@example.com,9456049246,2026-06-23
315,Arjun Sharma,customer315@example.com,9205877984,2026-04-21
316,Karan Yadav,customer316@example.com,9901927335,2026-03-08
317,Riya Agarwal,customer317@example.com,9838374035,2026-05-13
318,Karan Mishra,customer318@example.com,9501707828,2026-05-28
319,Kavya Sinha,customer319@example.com,9829667145,2026-04-11
320,Nisha Verma,customer320@example.com,9470405910,2026-05-31
321,Pooja Gupta,customer321@example.com,9417217932,2026-01-07
322,Aditya Gupta,customer322@example.com,9992620629,2026-04-17
323,Neha Khan,customer323@example.com,9468365044,2026-02-06
324,Aman Yadav,customer324@example.com,9618537844,2026-04-27
325,Pooja Gupta,customer325@example.com,9570477095,2026-03-31
326,Kavya Patel,customer326@example.com,9172127903,2026-06-28
327,Vivaan Sinha,customer327@example.com,9863193132,2026-03-18
328,Aarav Tiwari,customer328@example.com,9468377143,2026-01-30
329,Arjun Srivastava,customer329@example.com,9959047280,2026-06-15
330,Karan Yadav,customer330@example.com,9287317728,2026-02-12
331,Rahul Patel,customer331@example.com,9701133236,2026-05-22
332,Kavya Singh,customer332@example.com,9956583753,2026-04-20
333,Rahul Verma,customer333@example.com,9787708952,2026-04-14
334,Sneha Jain,customer334@example.com,9131344962,2026-06-18
335,Aman Mishra,customer335@example.com,9735873300,2026-06-07
336,Meera Sharma,customer336@example.com,9856704108,2026-04-20
337,Aman Khan,customer337@example.com,9907803348,2026-02-24
338,Aditya Agarwal,customer338@example.com,9209255425,2026-06-30
339,Rahul Patel,customer339@example.com,9450023635,2026-05-18
340,Kavya Gupta,customer340@example.com,9381699808,2026-02-20
341,Pooja Yadav,customer341@example.com,9786237617,2026-06-21
342,Simran Jain,customer342@example.com,9756387421,2026-03-22
343,Aditi Gupta,customer343@example.com,9473581239,2026-04-11
344,Kavya Agarwal,customer344@example.com,9285250002,2026-04-01
345,Ananya Agarwal,customer345@example.com,9733688460,2026-06-22
346,Rohan Patel,customer346@example.com,9226552991,2026-01-22
347,Ananya Gupta,customer347@example.com,9296542559,2026-03-03
348,Rohan Yadav,customer348@example.com,9517109257,2026-04-06
349,Simran Verma,customer349@example.com,9717193289,2026-04-18
350,Sneha Verma,customer350@example.com,9622558165,2026-04-09
351,Riya Mehta,customer351@example.com,9792842747,2026-06-12
352,Riya Verma,customer352@example.com,9625749126,2026-02-14
353,Rohan Verma,customer353@example.com,9437777716,2026-03-15
354,Simran Sharma,customer354@example.com,9485515372,2026-04-26
355,Pooja Verma,customer355@example.com,9309517616,2026-01-03
356,Riya Yadav,customer356@example.com,9801228319,2026-04-09
357,Sneha Srivastava,customer357@example.com,9627986647,2026-05-07
358,Kavya Mishra,customer358@example.com,9279587066,2026-04-17
359,Aditi Sharma,customer359@example.com,9954570592,2026-01-22
360,Ananya Sharma,customer360@example.com,9395121074,2026-02-26
361,Riya Khan,customer361@example.com,9280613009,2026-02-27
362,Aditi Mehta,customer362@example.com,9929516706,2026-04-28
363,Riya Yadav,customer363@example.com,9221559383,2026-05-07
364,Arjun Khan,customer364@example.com,9932271276,2026-05-27
365,Neha Yadav,customer365@example.com,9983271755,2026-05-20
366,Kavya Yadav,customer366@example.com,9334657613,2026-01-11
367,Arjun Mehta,customer367@example.com,9991281644,2026-04-19
368,Karan Khan,customer368@example.com,9134607126,2026-06-17
369,Priya Patel,customer369@example.com,9976955647,2026-04-26
370,Kavya Tiwari,customer370@example.com,9226042285,2026-01-23
371,Aman Sinha,customer371@example.com,9892005907,2026-03-02
372,Neha Tiwari,customer372@example.com,9863166250,2026-05-31
373,Sneha Verma,customer373@example.com,9761587312,2026-06-06
374,Aman Tiwari,customer374@example.com,9322203053,2026-02-05
375,Aditi Patel,customer375@example.com,9671532152,2026-01-16
376,Simran Yadav,customer376@example.com,9280793819,2026-03-13
377,Ananya Khan,customer377@example.com,9714970148,2026-03-24
378,Nisha Srivastava,customer378@example.com,9975293837,2026-03-10
379,Rohan Sinha,customer379@example.com,9943629337,2026-01-25
380,Vivaan Khan,customer380@example.com,9804263267,2026-04-16
381,Rohan Singh,customer381@example.com,9257027702,2026-02-02
382,Karan Sinha,customer382@example.com,9826101325,2026-03-24
383,Pooja Verma,customer383@example.com,9720005941,2026-04-11
384,Priya Srivastava,customer384@example.com,9544770805,2026-06-11
385,Kavya Gupta,customer385@example.com,9780352629,2026-04-07
386,Meera Yadav,customer386@example.com,9905094179,2026-01-24
387,Neha Mishra,customer387@example.com,9624033772,2026-03-13
388,Aditi Sharma,customer388@example.com,9931221434,2026-03-25
389,Kavya Srivastava,customer389@example.com,9813118992,2026-01-24
390,Neha Tiwari,customer390@example.com,9168000803,2026-06-28
391,Meera Singh,customer391@example.com,9561325766,2026-05-17
392,Pooja Khan,customer392@example.com,9446673808,2026-02-24
393,Isha Yadav,customer393@example.com,9720551525,2026-03-14
394,Aditi Tiwari,customer394@example.com,9621127607,2026-02-03
395,Vivaan Sharma,customer395@example.com,9206917560,2026-03-29
396,Kavya Sharma,customer396@example.com,9233398648,2026-06-10
397,Kavya Mishra,customer397@example.com,9100725768,2026-02-10
398,Aman Mehta,customer398@example.com,9241640592,2026-04-20
399,Ananya Verma,customer399@example.com,9394226159,2026-06-16
400,Neha Khan,customer400@example.com,9188498371,2026-01-24
401,Rahul Sharma,customer401@example.com,9525568516,2026-04-06
402,Ananya Mehta,customer402@example.com,9851019450,2026-06-10
403,Sneha Srivastava,customer403@example.com,9197924383,2026-03-01
404,Arjun Sharma,customer404@example.com,9329159242,2026-06-30
405,Aditya Verma,customer405@example.com,9737458510,2026-05-03
406,Nisha Srivastava,customer406@example.com,9577886922,2026-02-27
407,Aarav Mehta,customer407@example.com,9468909933,2026-01-03
408,Sneha Mehta,customer408@example.com,9241921987,2026-01-31
409,Aditya Singh,customer409@example.com,9511318205,2026-05-03
410,Arjun Gupta,customer410@example.com,9436458586,2026-01-23
411,Ananya Verma,customer411@example.com,9510943598,2026-04-05
412,Rohan Gupta,customer412@example.com,9669628927,2026-02-04
413,Aarav Agarwal,customer413@example.com,9797953888,2026-05-25
414,Kavya Patel,customer414@example.com,9875705487,2026-02-12
415,Rohan Jain,customer415@example.com,9761506578,2026-02-24
416,Kavya Tiwari,customer416@example.com,9333264702,2026-06-25
417,Arjun Verma,customer417@example.com,9907932366,2026-01-23
418,Aditi Mehta,customer418@example.com,9512351122,2026-02-01
419,Sneha Patel,customer419@example.com,9949412096,2026-03-31
420,Karan Khan,customer420@example.com,9792156071,2026-02-05
421,Karan Yadav,customer421@example.com,9745317824,2026-01-22
422,Simran Khan,customer422@example.com,9936412291,2026-06-03
423,Aarav Tiwari,customer423@example.com,9806957378,2026-06-26
424,Aman Yadav,customer424@example.com,9751682766,2026-03-19
425,Aman Mehta,customer425@example.com,9520639451,2026-05-11
426,Vivaan Sinha,customer426@example.com,9952312670,2026-03-17
427,Pooja Jain,customer427@example.com,9221057584,2026-03-03
428,Pooja Srivastava,customer428@example.com,9737727239,2026-03-03
429,Nisha Sharma,customer429@example.com,9487726245,2026-01-19
430,Rohan Jain,customer430@example.com,9710293796,2026-03-23
431,Neha Yadav,customer431@example.com,9833303441,2026-04-18
432,Pooja Sinha,customer432@example.com,9178374393,2026-02-14
433,Aditi Gupta,customer433@example.com,9114810579,2026-01-05
434,Aman Sharma,customer434@example.com,9164927936,2026-03-09
435,Nisha Khan,customer435@example.com,9774922644,2026-04-12
436,Sneha Jain,customer436@example.com,9853563434,2026-05-09
437,Aditya Srivastava,customer437@example.com,9676132087,2026-04-13
438,Simran Verma,customer438@example.com,9397928718,2026-05-18
439,Ananya Gupta,customer439@example.com,9649009234,2026-01-22
440,Rohan Yadav,customer440@example.com,9450845460,2026-02-22
441,Aditi Srivastava,customer441@example.com,9919505668,2026-04-11
442,Aditya Khan,customer442@example.com,9850197517,2026-06-16
443,Karan Sharma,customer443@example.com,9362508142,2026-04-22
444,Sneha Gupta,customer444@example.com,9586804311,2026-01-23
445,Simran Sharma,customer445@example.com,9432097676,2026-06-06
446,Rahul Gupta,customer446@example.com,9113598909,2026-06-20
447,Aarav Verma,customer447@example.com,9633019326,2026-02-05
448,Nisha Yadav,customer448@example.com,9940725996,2026-03-30
449,Rahul Patel,customer449@example.com,9236290703,2026-03-08
450,Arjun Sinha,customer450@example.com,9131521039,2026-03-10
451,Sneha Khan,customer451@example.com,9662484182,2026-03-27
452,Priya Mehta,customer452@example.com,9719175016,2026-01-17
453,Aditya Mishra,customer453@example.com,9588764892,2026-06-10
454,Neha Sharma,customer454@example.com,9636452156,2026-05-11
455,Rahul Patel,customer455@example.com,9268910304,2026-05-26
456,Arjun Agarwal,customer456@example.com,9823831302,2026-03-07
457,Karan Mehta,customer457@example.com,9646346564,2026-01-30
458,Vivaan Tiwari,customer458@example.com,9113194223,2026-01-01
459,Vivaan Mishra,customer459@example.com,9490816787,2026-03-04
460,Rohan Verma,customer460@example.com,9137971349,2026-04-09
461,Sneha Singh,customer461@example.com,9445532283,2026-05-22
462,Sneha Mehta,customer462@example.com,9443527737,2026-03-05
463,Aditya Agarwal,customer463@example.com,9500299721,2026-03-11
464,Nisha Srivastava,customer464@example.com,9156556289,2026-01-31
465,Karan Sinha,customer465@example.com,9653808250,2026-02-15
466,Meera Gupta,customer466@example.com,9599391065,2026-01-12
467,Ananya Patel,customer467@example.com,9192755745,2026-03-14
468,Kavya Sharma,customer468@example.com,9496124146,2026-05-22
469,Ananya Agarwal,customer469@example.com,9942358213,2026-02-21
470,Simran Singh,customer470@example.com,9598137488,2026-03-19
471,Aditi Mishra,customer471@example.com,9929587172,2026-04-05
472,Riya Sinha,customer472@example.com,9954670083,2026-02-20
473,Rohan Sharma,customer473@example.com,9540272920,2026-03-04
474,Karan Yadav,customer474@example.com,9471969615,2026-01-07
475,Aarav Patel,customer475@example.com,9101569849,2026-06-12
476,Meera Tiwari,customer476@example.com,9892510222,2026-06-18
477,Arjun Singh,customer477@example.com,9668883968,2026-03-20
478,Sneha Mishra,customer478@example.com,9164311845,2026-03-02
479,Priya Gupta,customer479@example.com,9147137549,2026-02-06
480,Nisha Jain,customer480@example.com,9852528635,2026-03-01
481,Kavya Mehta,customer481@example.com,9191163279,2026-04-06
482,Arjun Yadav,customer482@example.com,9243359401,2026-05-29
483,Meera Gupta,customer483@example.com,9735543236,2026-06-13
484,Vivaan Jain,customer484@example.com,9811293744,2026-05-26
485,Karan Khan,customer485@example.com,9380236885,2026-02-03
486,Meera Mehta,customer486@example.com,9993245640,2026-03-22
487,Isha Mishra,customer487@example.com,9392010397,2026-03-25
488,Aditya Singh,customer488@example.com,9246148980,2026-03-01
489,Arjun Verma,customer489@example.com,9213449146,2026-05-30
490,Kavya Mishra,customer490@example.com,9437190678,2026-02-12
491,Arjun Yadav,customer491@example.com,9484708210,2026-04-15
492,Kavya Khan,customer492@example.com,9597514616,2026-02-23
493,Arjun Gupta,customer493@example.com,9269238221,2026-03-09
494,Ananya Tiwari,customer494@example.com,9856671023,2026-06-25
495,Simran Sharma,customer495@example.com,9330876810,2026-06-28
496,Rohan Gupta,customer496@example.com,9863599447,2026-03-25
497,Neha Jain,customer497@example.com,9651323128,2026-03-05
498,Ananya Khan,customer498@example.com,9980564513,2026-01-13
499,Aarav Jain,customer499@example.com,9585547305,2026-02-14
500,Riya Singh,customer500@example.com,9201710492,2026-05-23
501,Arjun Sinha,customer501@example.com,9952346725,2026-04-29
502,Arjun Sharma,customer502@example.com,9166216779,2026-02-05
503,Rohan Singh,customer503@example.com,9984412594,2026-02-26
504,Neha Srivastava,customer504@example.com,9776776838,2026-04-13
505,Aditya Agarwal,customer505@example.com,9729340221,2026-06-15
506,Aditya Sharma,customer506@example.com,9169226321,2026-03-08
507,Kavya Sinha,customer507@example.com,9238288872,2026-02-20
508,Isha Gupta,customer508@example.com,9145844821,2026-01-24
509,Vivaan Verma,customer509@example.com,9716203465,2026-04-29
510,Meera Mishra,customer510@example.com,9131656371,2026-04-21
511,Sneha Verma,customer511@example.com,9480043678,2026-04-08
512,Rahul Khan,customer512@example.com,9400491536,2026-02-24
513,Rohan Sharma,customer513@example.com,9759391912,2026-04-25
514,Simran Singh,customer514@example.com,9795009888,2026-06-08
515,Pooja Jain,customer515@example.com,9691297450,2026-03-17
516,Vivaan Gupta,customer516@example.com,9400407178,2026-05-03
517,Rohan Jain,customer517@example.com,9314166184,2026-04-09
518,Nisha Singh,customer518@example.com,9777267364,2026-06-14
519,Aarav Jain,customer519@example.com,9939575663,2026-05-20
520,Pooja Yadav,customer520@example.com,9939059557,2026-04-02
521,Neha Agarwal,customer521@example.com,9639440654,2026-05-05
522,Meera Khan,customer522@example.com,9293075824,2026-03-24
523,Isha Agarwal,customer523@example.com,9335171142,2026-01-07
524,Priya Sharma,customer524@example.com,9968285490,2026-01-08
525,Nisha Patel,customer525@example.com,9923390510,2026-05-01
526,Karan Verma,customer526@example.com,9207518427,2026-05-30
527,Karan Khan,customer527@example.com,9673044801,2026-03-05
528,Karan Agarwal,customer528@example.com,9956191734,2026-01-15
529,Neha Tiwari,customer529@example.com,9286521875,2026-04-10
530,Karan Agarwal,customer530@example.com,9441454588,2026-02-15
531,Neha Agarwal,customer531@example.com,9130286569,2026-06-28
532,Neha Agarwal,customer532@example.com,9705167856,2026-06-30
533,Aditi Singh,customer533@example.com,9998396384,2026-02-06
534,Riya Khan,customer534@example.com,9288502642,2026-05-07
535,Vivaan Gupta,customer535@example.com,9160309911,2026-05-06
536,Simran Singh,customer536@example.com,9121397518,2026-03-01
537,Pooja Sharma,customer537@example.com,9456196659,2026-05-15
538,Aman Sinha,customer538@example.com,9240112087,2026-06-07
539,Rahul Sinha,customer539@example.com,9447450846,2026-03-29
540,Aarav Verma,customer540@example.com,9729866807,2026-01-16
541,Rohan Sinha,customer541@example.com,9219100072,2026-06-30
542,Neha Gupta,customer542@example.com,9501140044,2026-05-15
543,Meera Agarwal,customer543@example.com,9208482467,2026-06-30
544,Ananya Patel,customer544@example.com,9246513857,2026-03-28
545,Sneha Sinha,customer545@example.com,9786406624,2026-02-10
546,Isha Verma,customer546@example.com,9859331874,2026-05-05
547,Simran Sinha,customer547@example.com,9483138514,2026-05-24
548,Aditi Tiwari,customer548@example.com,9288282376,2026-02-27
549,Ananya Mehta,customer549@example.com,9839269574,2026-04-07
550,Rohan Verma,customer550@example.com,9882576281,2026-03-17
551,Aditi Jain,customer551@example.com,9927672827,2026-01-01
552,Vivaan Verma,customer552@example.com,9746809909,2026-05-26
553,Simran Singh,customer553@example.com,9786815488,2026-03-23
554,Arjun Mishra,customer554@example.com,9251014666,2026-05-25
555,Aditya Singh,customer555@example.com,9472384530,2026-03-26
556,Rahul Srivastava,customer556@example.com,9195268824,2026-03-23
557,Isha Mishra,customer557@example.com,9112235959,2026-06-21
558,Aman Singh,customer558@example.com,9844292151,2026-03-09
559,Neha Khan,customer559@example.com,9945056299,2026-01-18
560,Aarav Sharma,customer560@example.com,9514396801,2026-01-28
561,Sneha Verma,customer561@example.com,9544549689,2026-04-23
562,Meera Patel,customer562@example.com,9686288768,2026-05-07
563,Arjun Tiwari,customer563@example.com,9614847663,2026-04-07
564,Karan Verma,customer564@example.com,9584566178,2026-05-28
565,Vivaan Khan,customer565@example.com,9121558591,2026-01-19
566,Priya Gupta,customer566@example.com,9179672074,2026-03-23
567,Rahul Jain,customer567@example.com,9272769884,2026-03-29
568,Riya Gupta,customer568@example.com,9462871672,2026-01-20
569,Simran Mishra,customer569@example.com,9856456108,2026-06-02
570,Sneha Srivastava,customer570@example.com,9277164387,2026-01-08
571,Sneha Verma,customer571@example.com,9157505040,2026-06-05
572,Isha Singh,customer572@example.com,9303994042,2026-01-26
573,Riya Mehta,customer573@example.com,9883803621,2026-04-15
574,Priya Srivastava,customer574@example.com,9402283096,2026-05-19
575,Karan Gupta,customer575@example.com,9153295652,2026-03-18
576,Aditi Yadav,customer576@example.com,9627151698,2026-04-11
577,Vivaan Patel,customer577@example.com,9104096941,2026-02-09
578,Aditya Khan,customer578@example.com,9984652998,2026-04-20
579,Simran Mishra,customer579@example.com,9314399191,2026-06-19
580,Aarav Singh,customer580@example.com,9283429671,2026-01-25
581,Ananya Gupta,customer581@example.com,9608492614,2026-06-13
582,Ananya Sinha,customer582@example.com,9526777316,2026-01-30
583,Pooja Srivastava,customer583@example.com,9384546308,2026-05-01
584,Riya Jain,customer584@example.com,9298514700,2026-01-24
585,Meera Patel,customer585@example.com,9300341906,2026-04-05
586,Vivaan Khan,customer586@example.com,9572167680,2026-04-25
587,Priya Singh,customer587@example.com,9998806471,2026-04-30
588,Aditi Sharma,customer588@example.com,9262275325,2026-03-10
589,Arjun Gupta,customer589@example.com,9817411121,2026-06-28
590,Riya Jain,customer590@example.com,9912239392,2026-03-30
591,Karan Yadav,customer591@example.com,9165480798,2026-05-31
592,Nisha Jain,customer592@example.com,9675004218,2026-04-10
593,Pooja Agarwal,customer593@example.com,9353018691,2026-06-25
594,Ananya Gupta,customer594@example.com,9523917958,2026-05-02
595,Nisha Agarwal,customer595@example.com,9654928450,2026-01-09
596,Simran Verma,customer596@example.com,9229151674,2026-05-27
597,Rahul Verma,customer597@example.com,9327515325,2026-04-25
598,Rohan Sharma,customer598@example.com,9554595339,2026-02-19
599,Sneha Singh,customer599@example.com,9983221403,2026-01-21
600,Rohan Tiwari,customer600@example.com,9738927559,2026-06-10
601,Isha Mehta,customer601@example.com,9966878665,2026-03-08
602,Aditya Jain,customer602@example.com,9697391512,2026-01-18
603,Riya Patel,customer603@example.com,9396568375,2026-04-12
604,Kavya Tiwari,customer604@example.com,9113275526,2026-05-14
605,Simran Agarwal,customer605@example.com,9661096687,2026-06-29
606,Arjun Jain,customer606@example.com,9260677223,2026-04-18
607,Aditi Agarwal,customer607@example.com,9725644753,2026-02-07
608,Arjun Agarwal,customer608@example.com,9937029745,2026-01-26
609,Ananya Tiwari,customer609@example.com,9675132064,2026-01-26
610,Sneha Khan,customer610@example.com,9511289794,2026-03-30
611,Pooja Agarwal,customer611@example.com,9753868135,2026-06-17
612,Vivaan Verma,customer612@example.com,9395723682,2026-05-02
613,Rohan Agarwal,customer613@example.com,9753538609,2026-04-14
614,Meera Sharma,customer614@example.com,9524979220,2026-06-24
615,Karan Sharma,customer615@example.com,9900742774,2026-03-26
616,Priya Patel,customer616@example.com,9121724902,2026-05-02
617,Ananya Khan,customer617@example.com,9401019924,2026-03-28
618,Arjun Tiwari,customer618@example.com,9344767409,2026-05-06
619,Ananya Mehta,customer619@example.com,9575786397,2026-02-04
620,Priya Mehta,customer620@example.com,9547506309,2026-03-24
621,Aditya Singh,customer621@example.com,9574289591,2026-06-04
622,Sneha Mehta,customer622@example.com,9620185318,2026-02-24
623,Neha Tiwari,customer623@example.com,9160350543,2026-05-13
624,Rahul Gupta,customer624@example.com,9434065879,2026-05-12
625,Meera Verma,customer625@example.com,9938073130,2026-05-10
626,Aditi Sharma,customer626@example.com,9286549068,2026-05-15
627,Aman Tiwari,customer627@example.com,9161877074,2026-02-19
628,Vivaan Mishra,customer628@example.com,9154287614,2026-03-05
629,Aman Khan,customer629@example.com,9495514868,2026-04-03
630,Nisha Jain,customer630@example.com,9782266083,2026-04-29
631,Aarav Singh,customer631@example.com,9499933139,2026-02-01
632,Simran Mishra,customer632@example.com,9290679038,2026-05-06
633,Aditi Yadav,customer633@example.com,9475551835,2026-05-02
634,Rahul Tiwari,customer634@example.com,9377733976,2026-03-30
635,Aditya Khan,customer635@example.com,9129474736,2026-06-26
636,Vivaan Verma,customer636@example.com,9714457408,2026-04-09
637,Karan Srivastava,customer637@example.com,9341712209,2026-02-24
638,Aman Khan,customer638@example.com,9799636574,2026-06-23
639,Nisha Sharma,customer639@example.com,9937844678,2026-04-15
640,Aarav Mishra,customer640@example.com,9242071170,2026-06-24
641,Rahul Agarwal,customer641@example.com,9959922040,2026-06-15
642,Karan Khan,customer642@example.com,9753204271,2026-01-03
643,Priya Jain,customer643@example.com,9504237434,2026-03-20
644,Kavya Khan,customer644@example.com,9334300190,2026-03-31
645,Ananya Srivastava,customer645@example.com,9659030686,2026-04-30
646,Meera Agarwal,customer646@example.com,9209856785,2026-06-09
647,Nisha Srivastava,customer647@example.com,9501826151,2026-01-02
648,Simran Agarwal,customer648@example.com,9403521991,2026-05-24
649,Arjun Mishra,customer649@example.com,9168544512,2026-03-18
650,Priya Srivastava,customer650@example.com,9449113269,2026-03-28
651,Priya Srivastava,customer651@example.com,9863531123,2026-03-12
652,Ananya Singh,customer652@example.com,9260985353,2026-06-16
653,Karan Sharma,customer653@example.com,9964823687,2026-05-13
654,Meera Srivastava,customer654@example.com,9443152572,2026-06-03
655,Rohan Mehta,customer655@example.com,9127332385,2026-06-24
656,Pooja Khan,customer656@example.com,9378556835,2026-06-17
657,Meera Jain,customer657@example.com,9891060070,2026-04-18
658,Aditi Mehta,customer658@example.com,9714225883,2026-01-10
659,Isha Mehta,customer659@example.com,9865974442,2026-02-18
660,Riya Srivastava,customer660@example.com,9942776797,2026-02-26
661,Neha Yadav,customer661@example.com,9422331737,2026-05-02
662,Riya Verma,customer662@example.com,9415448230,2026-02-13
663,Pooja Verma,customer663@example.com,9895555607,2026-01-25
664,Riya Sinha,customer664@example.com,9296568144,2026-03-08
665,Isha Srivastava,customer665@example.com,9195884955,2026-06-24
666,Neha Singh,customer666@example.com,9899089320,2026-02-26
667,Sneha Sinha,customer667@example.com,9455749066,2026-03-20
668,Priya Agarwal,customer668@example.com,9415734988,2026-04-06
669,Arjun Mishra,customer669@example.com,9157635190,2026-04-29
670,Aditi Agarwal,customer670@example.com,9766422911,2026-06-12
671,Pooja Singh,customer671@example.com,9637383490,2026-01-19
672,Meera Yadav,customer672@example.com,9420357050,2026-01-31
673,Vivaan Tiwari,customer673@example.com,9261897130,2026-04-16
674,Aman Patel,customer674@example.com,9539366395,2026-02-05
675,Kavya Verma,customer675@example.com,9439714150,2026-05-26
676,Aditya Mishra,customer676@example.com,9457158145,2026-02-16
677,Rahul Patel,customer677@example.com,9781288086,2026-06-11
678,Aarav Mishra,customer678@example.com,9393698307,2026-01-15
679,Rahul Agarwal,customer679@example.com,9920858166,2026-02-23
680,Pooja Sinha,customer680@example.com,9919876144,2026-02-10
681,Rohan Agarwal,customer681@example.com,9565694083,2026-01-23
682,Sneha Jain,customer682@example.com,9560662565,2026-06-12
683,Meera Sharma,customer683@example.com,9140507249,2026-05-03
684,Aman Mehta,customer684@example.com,9500614581,2026-05-17
685,Isha Sinha,customer685@example.com,9994672466,2026-01-04
686,Aman Sharma,customer686@example.com,9826652789,2026-05-16
687,Karan Singh,customer687@example.com,9844666527,2026-01-02
688,Ananya Verma,customer688@example.com,9210282113,2026-03-30
689,Nisha Agarwal,customer689@example.com,9428688580,2026-04-09
690,Aditya Tiwari,customer690@example.com,9149089708,2026-02-12
691,Ananya Mishra,customer691@example.com,9881503560,2026-03-18
692,Simran Yadav,customer692@example.com,9462747729,2026-05-14
693,Rohan Patel,customer693@example.com,9626325353,2026-04-22
694,Aman Verma,customer694@example.com,9971887294,2026-04-02
695,Aarav Singh,customer695@example.com,9340863230,2026-04-14
696,Aman Mehta,customer696@example.com,9123529192,2026-02-03
697,Nisha Verma,customer697@example.com,9232244172,2026-05-31
698,Vivaan Jain,customer698@example.com,9787539531,2026-04-04
699,Riya Agarwal,customer699@example.com,9152169850,2026-03-07
700,Vivaan Srivastava,customer700@example.com,9216085930,2026-06-02
701,Aarav Sharma,customer701@example.com,9840613153,2026-06-17
702,Sneha Mishra,customer702@example.com,9508294370,2026-01-30
703,Riya Khan,customer703@example.com,9609379184,2026-02-01
704,Rohan Singh,customer704@example.com,9846456758,2026-06-29
705,Aarav Khan,customer705@example.com,9551907286,2026-06-25
706,Arjun Srivastava,customer706@example.com,9658677789,2026-06-19
707,Simran Agarwal,customer707@example.com,9852399189,2026-03-11
708,Sneha Tiwari,customer708@example.com,9212650803,2026-02-05
709,Simran Gupta,customer709@example.com,9403554082,2026-05-11
710,Arjun Mishra,customer710@example.com,9313295228,2026-01-30
711,Aman Sinha,customer711@example.com,9382387564,2026-06-05
712,Aman Patel,customer712@example.com,9855309458,2026-05-14
713,Ananya Verma,customer713@example.com,9142311558,2026-04-15
714,Pooja Singh,customer714@example.com,9838953322,2026-05-21
715,Isha Singh,customer715@example.com,9102939907,2026-05-04
716,Aditya Gupta,customer716@example.com,9996823706,2026-01-04
717,Pooja Verma,customer717@example.com,9196725534,2026-05-27
718,Aditya Mehta,customer718@example.com,9876934082,2026-05-11
719,Priya Srivastava,customer719@example.com,9348206466,2026-01-26
720,Ananya Khan,customer720@example.com,9598514021,2026-04-27
721,Arjun Tiwari,customer721@example.com,9287584639,2026-01-13
722,Ananya Patel,customer722@example.com,9960707259,2026-01-11
723,Isha Jain,customer723@example.com,9893001503,2026-06-23
724,Arjun Tiwari,customer724@example.com,9914115345,2026-01-30
725,Aarav Tiwari,customer725@example.com,9248599901,2026-01-12
726,Rahul Patel,customer726@example.com,9483892122,2026-06-19
727,Simran Khan,customer727@example.com,9887125715,2026-04-23
728,Neha Tiwari,customer728@example.com,9467995726,2026-01-24
729,Arjun Jain,customer729@example.com,9529765405,2026-02-16
730,Priya Tiwari,customer730@example.com,9514158850,2026-04-27
731,Pooja Sinha,customer731@example.com,9552839683,2026-06-26
732,Rahul Gupta,customer732@example.com,9242283221,2026-06-16
733,Vivaan Tiwari,customer733@example.com,9271149511,2026-06-28
734,Sneha Agarwal,customer734@example.com,9618268171,2026-01-27
735,Kavya Verma,customer735@example.com,9756403241,2026-05-26
736,Neha Agarwal,customer736@example.com,9130941191,2026-04-08
737,Rohan Mishra,customer737@example.com,9624117847,2026-06-25
738,Sneha Mishra,customer738@example.com,9149362414,2026-01-29
739,Priya Srivastava,customer739@example.com,9437410428,2026-01-17
740,Nisha Sinha,customer740@example.com,9898459991,2026-01-04
741,Aditi Singh,customer741@example.com,9819239897,2026-05-28
742,Nisha Yadav,customer742@example.com,9838993835,2026-03-28
743,Simran Gupta,customer743@example.com,9564766900,2026-06-29
744,Karan Mishra,customer744@example.com,9471245687,2026-06-19
745,Meera Verma,customer745@example.com,9987380851,2026-06-19
746,Simran Sharma,customer746@example.com,9112503578,2026-05-23
747,Rahul Yadav,customer747@example.com,9603895158,2026-06-14
748,Rahul Gupta,customer748@example.com,9906841821,2026-05-07
749,Isha Singh,customer749@example.com,9455295629,2026-05-06
750,Vivaan Yadav,customer750@example.com,9339129305,2026-03-13
751,Meera Jain,customer751@example.com,9977357994,2026-05-21
752,Aditya Mishra,customer752@example.com,9576944168,2026-03-02
753,Kavya Gupta,customer753@example.com,9635213213,2026-05-27
754,Isha Gupta,customer754@example.com,9634050562,2026-04-25
755,Aarav Gupta,customer755@example.com,9533190034,2026-06-17
756,Vivaan Yadav,customer756@example.com,9689590340,2026-04-16
757,Aditya Sinha,customer757@example.com,9748758323,2026-01-01
758,Ananya Yadav,customer758@example.com,9703800000,2026-06-08
759,Kavya Patel,customer759@example.com,9490136011,2026-02-22
760,Karan Tiwari,customer760@example.com,9587972689,2026-01-14
761,Riya Sinha,customer761@example.com,9765460052,2026-03-26
762,Pooja Mehta,customer762@example.com,9805627914,2026-06-03
763,Kavya Gupta,customer763@example.com,9204622201,2026-04-04
764,Karan Sharma,customer764@example.com,9466529415,2026-06-18
765,Ananya Yadav,customer765@example.com,9660477218,2026-04-01
766,Arjun Sharma,customer766@example.com,9276260482,2026-04-06
767,Rohan Tiwari,customer767@example.com,9869718389,2026-05-07
768,Arjun Khan,customer768@example.com,9755897094,2026-04-15
769,Aman Gupta,customer769@example.com,9521869399,2026-02-20
770,Kavya Tiwari,customer770@example.com,9939043773,2026-02-25
771,Isha Gupta,customer771@example.com,9912982916,2026-02-18
772,Vivaan Srivastava,customer772@example.com,9999222522,2026-04-17
773,Aditi Gupta,customer773@example.com,9929084565,2026-06-22
774,Kavya Srivastava,customer774@example.com,9732773408,2026-04-26
775,Rohan Mishra,customer775@example.com,9104657489,2026-05-10
776,Vivaan Yadav,customer776@example.com,9564726604,2026-05-16
777,Pooja Yadav,customer777@example.com,9938679870,2026-05-30
778,Aditi Verma,customer778@example.com,9884362665,2026-02-15
779,Arjun Jain,customer779@example.com,9806008664,2026-02-02
780,Simran Patel,customer780@example.com,9641284117,2026-06-03
781,Sneha Agarwal,customer781@example.com,9843582889,2026-04-09
782,Priya Jain,customer782@example.com,9468141835,2026-03-05
783,Kavya Sinha,customer783@example.com,9243206913,2026-03-17
784,Sneha Agarwal,customer784@example.com,9851634610,2026-02-05
785,Ananya Tiwari,customer785@example.com,9853223780,2026-05-12
786,Isha Mehta,customer786@example.com,9891152995,2026-05-21
787,Aman Singh,customer787@example.com,9325177291,2026-05-22
788,Ananya Srivastava,customer788@example.com,9470756153,2026-06-09
789,Rohan Mehta,customer789@example.com,9798024936,2026-06-22
790,Nisha Yadav,customer790@example.com,9845511804,2026-02-15
791,Isha Mehta,customer791@example.com,9223915446,2026-06-13
792,Riya Mishra,customer792@example.com,9725783470,2026-04-01
793,Sneha Srivastava,customer793@example.com,9903017927,2026-05-27
794,Ananya Tiwari,customer794@example.com,9553533911,2026-05-17
795,Nisha Gupta,customer795@example.com,9127135757,2026-01-04
796,Rohan Sharma,customer796@example.com,9819679947,2026-04-08
797,Aman Khan,customer797@example.com,9905505027,2026-01-15
798,Ananya Srivastava,customer798@example.com,9369037833,2026-02-11
799,Vivaan Mehta,customer799@example.com,9942197348,2026-02-07
800,Aman Sinha,customer800@example.com,9681079105,2026-03-17
801,Neha Tiwari,customer801@example.com,9585969649,2026-01-09
802,Simran Tiwari,customer802@example.com,9825340529,2026-01-27
803,Karan Mehta,customer803@example.com,9794839215,2026-05-24
804,Meera Singh,customer804@example.com,9648598641,2026-05-24
805,Ananya Mehta,customer805@example.com,9813494536,2026-06-28
806,Meera Jain,customer806@example.com,9547284589,2026-01-13
807,Isha Yadav,customer807@example.com,9157769665,2026-06-25
808,Priya Singh,customer808@example.com,9766323040,2026-01-04
809,Karan Srivastava,customer809@example.com,9856589701,2026-04-24
810,Neha Sinha,customer810@example.com,9731773948,2026-06-15
811,Simran Singh,customer811@example.com,9933381221,2026-05-20
812,Ananya Mishra,customer812@example.com,9290509600,2026-02-19
813,Aditya Verma,customer813@example.com,9286611097,2026-06-24
814,Arjun Jain,customer814@example.com,9143630672,2026-05-12
815,Priya Yadav,customer815@example.com,9383725108,2026-04-20
816,Rahul Agarwal,customer816@example.com,9373821508,2026-02-03
817,Isha Mishra,customer817@example.com,9862023079,2026-01-02
818,Vivaan Verma,customer818@example.com,9446421355,2026-02-09
819,Vivaan Sinha,customer819@example.com,9771482340,2026-06-02
820,Ananya Mishra,customer820@example.com,9948157453,2026-06-07
821,Riya Patel,customer821@example.com,9178255153,2026-05-27
822,Nisha Singh,customer822@example.com,9297427943,2026-03-23
823,Aditya Sinha,customer823@example.com,9642390322,2026-05-14
824,Sneha Yadav,customer824@example.com,9676637967,2026-02-10
825,Aditya Patel,customer825@example.com,9337509631,2026-04-14
826,Isha Patel,customer826@example.com,9487403718,2026-02-24
827,Aman Sinha,customer827@example.com,9763873742,2026-03-17
828,Pooja Yadav,customer828@example.com,9984428681,2026-05-16
829,Aarav Gupta,customer829@example.com,9818267208,2026-06-16
830,Kavya Singh,customer830@example.com,9789626099,2026-03-30
831,Simran Singh,customer831@example.com,9142817871,2026-06-07
832,Isha Jain,customer832@example.com,9954920307,2026-06-24
833,Meera Khan,customer833@example.com,9680075399,2026-01-30
834,Aarav Yadav,customer834@example.com,9982732880,2026-03-14
835,Nisha Sinha,customer835@example.com,9646250686,2026-04-06
836,Pooja Sharma,customer836@example.com,9418293546,2026-04-25
837,Aman Patel,customer837@example.com,9651790232,2026-06-16
838,Arjun Verma,customer838@example.com,9930344435,2026-01-22
839,Riya Sharma,customer839@example.com,9773164268,2026-05-18
840,Aman Srivastava,customer840@example.com,9775936026,2026-01-17
841,Sneha Tiwari,customer841@example.com,9211590567,2026-02-24
842,Riya Tiwari,customer842@example.com,9854564401,2026-02-22
843,Aditya Mehta,customer843@example.com,9836633647,2026-04-22
844,Aarav Mishra,customer844@example.com,9869731458,2026-02-09
845,Vivaan Gupta,customer845@example.com,9178649475,2026-03-26
846,Rahul Sinha,customer846@example.com,9370484159,2026-01-14
847,Aditya Agarwal,customer847@example.com,9982207031,2026-05-23
848,Priya Jain,customer848@example.com,9516646839,2026-02-28
849,Meera Jain,customer849@example.com,9439736473,2026-04-26
850,Meera Srivastava,customer850@example.com,9227029844,2026-01-05
851,Aarav Srivastava,customer851@example.com,9873400862,2026-05-17
852,Aditya Sinha,customer852@example.com,9900958822,2026-06-08
853,Vivaan Mehta,customer853@example.com,9177942327,2026-05-30
854,Nisha Gupta,customer854@example.com,9411209672,2026-04-02
855,Ananya Agarwal,customer855@example.com,9192884274,2026-06-25
856,Kavya Jain,customer856@example.com,9524249629,2026-03-14
857,Aarav Mishra,customer857@example.com,9267851051,2026-06-19
858,Karan Verma,customer858@example.com,9901820909,2026-05-17
859,Riya Khan,customer859@example.com,9780801356,2026-04-11
860,Ananya Srivastava,customer860@example.com,9953643130,2026-02-06
861,Neha Sharma,customer861@example.com,9694342064,2026-06-15
862,Rohan Gupta,customer862@example.com,9144853569,2026-05-23
863,Aditi Agarwal,customer863@example.com,9523142000,2026-01-02
864,Riya Gupta,customer864@example.com,9427159637,2026-05-18
865,Neha Singh,customer865@example.com,9543084388,2026-02-23
866,Nisha Verma,customer866@example.com,9272823429,2026-06-15
867,Karan Agarwal,customer867@example.com,9996304234,2026-02-17
868,Aman Gupta,customer868@example.com,9294731649,2026-03-06
869,Aditi Tiwari,customer869@example.com,9158398995,2026-06-21
870,Kavya Srivastava,customer870@example.com,9690197884,2026-05-21
871,Ananya Srivastava,customer871@example.com,9172330209,2026-01-19
872,Arjun Singh,customer872@example.com,9879095530,2026-03-06
873,Pooja Patel,customer873@example.com,9483474399,2026-05-29
874,Karan Gupta,customer874@example.com,9406163675,2026-02-02
875,Aditya Singh,customer875@example.com,9441220048,2026-06-08
876,Kavya Patel,customer876@example.com,9761792646,2026-05-05
877,Ananya Mehta,customer877@example.com,9727247693,2026-06-18
878,Aditi Agarwal,customer878@example.com,9491371841,2026-02-09
879,Sneha Verma,customer879@example.com,9105188198,2026-03-22
880,Karan Sinha,customer880@example.com,9337861414,2026-03-22
881,Sneha Khan,customer881@example.com,9485995156,2026-06-14
882,Isha Mishra,customer882@example.com,9596979657,2026-02-04
883,Neha Sinha,customer883@example.com,9427997841,2026-04-25
884,Riya Gupta,customer884@example.com,9288731774,2026-05-05
885,Simran Gupta,customer885@example.com,9401309071,2026-06-15
886,Riya Singh,customer886@example.com,9382646055,2026-02-05
887,Aditya Mehta,customer887@example.com,9180960086,2026-06-10
888,Nisha Srivastava,customer888@example.com,9133494547,2026-01-05
889,Aditi Jain,customer889@example.com,9925922483,2026-05-29
890,Aman Sharma,customer890@example.com,9692269551,2026-06-01
891,Riya Yadav,customer891@example.com,9606917752,2026-03-08
892,Rohan Patel,customer892@example.com,9521441892,2026-06-17
893,Aditi Mehta,customer893@example.com,9412457968,2026-02-27
894,Kavya Yadav,customer894@example.com,9648050705,2026-02-04
895,Meera Patel,customer895@example.com,9639198004,2026-01-24
896,Karan Tiwari,customer896@example.com,9966015789,2026-01-03
897,Rahul Sinha,customer897@example.com,9652050056,2026-06-07
898,Kavya Verma,customer898@example.com,9292355674,2026-02-05
899,Aditi Srivastava,customer899@example.com,9256980036,2026-05-25
900,Neha Sharma,customer900@example.com,9334955233,2026-05-04
901,Karan Gupta,customer901@example.com,9383851293,2026-05-05
902,Karan Sharma,customer902@example.com,9817888322,2026-04-05
903,Nisha Sinha,customer903@example.com,9487890703,2026-02-22
904,Pooja Mishra,customer904@example.com,9149861842,2026-04-10
905,Isha Gupta,customer905@example.com,9855631043,2026-01-11
906,Priya Tiwari,customer906@example.com,9896619486,2026-05-14
907,Aditi Yadav,customer907@example.com,9712204801,2026-03-09
908,Meera Srivastava,customer908@example.com,9506431167,2026-02-14
909,Aditi Srivastava,customer909@example.com,9997078087,2026-04-04
910,Nisha Khan,customer910@example.com,9504079950,2026-01-20
911,Nisha Jain,customer911@example.com,9478921345,2026-02-27
912,Pooja Sinha,customer912@example.com,9617661767,2026-03-30
913,Aarav Yadav,customer913@example.com,9249216081,2026-06-04
914,Rahul Singh,customer914@example.com,9182772849,2026-04-23
915,Priya Singh,customer915@example.com,9261319410,2026-05-12
916,Rahul Patel,customer916@example.com,9746414349,2026-02-17
917,Karan Jain,customer917@example.com,9970989978,2026-01-31
918,Arjun Mishra,customer918@example.com,9825022076,2026-03-26
919,Pooja Singh,customer919@example.com,9734356903,2026-05-03
920,Sneha Sharma,customer920@example.com,9361639001,2026-02-11
921,Rohan Agarwal,customer921@example.com,9736028462,2026-01-12
922,Rohan Srivastava,customer922@example.com,9650446037,2026-02-11
923,Aditi Verma,customer923@example.com,9160035062,2026-01-11
924,Priya Verma,customer924@example.com,9654738715,2026-02-12
925,Simran Agarwal,customer925@example.com,9784642175,2026-04-14
926,Ananya Gupta,customer926@example.com,9332565413,2026-01-05
927,Simran Mishra,customer927@example.com,9617187507,2026-04-25
928,Karan Tiwari,customer928@example.com,9541057551,2026-02-13
929,Rohan Sinha,customer929@example.com,9725611522,2026-06-03
930,Simran Srivastava,customer930@example.com,9648472597,2026-02-16
931,Rahul Mehta,customer931@example.com,9836147907,2026-03-09
932,Kavya Agarwal,customer932@example.com,9734147620,2026-03-29
933,Karan Jain,customer933@example.com,9513886549,2026-01-18
934,Arjun Sharma,customer934@example.com,9317270101,2026-02-03
935,Nisha Srivastava,customer935@example.com,9550751463,2026-05-14
936,Simran Gupta,customer936@example.com,9290505619,2026-02-08
937,Simran Agarwal,customer937@example.com,9141915191,2026-05-02
938,Nisha Sinha,customer938@example.com,9226182283,2026-05-17
939,Pooja Srivastava,customer939@example.com,9239939527,2026-01-24
940,Riya Tiwari,customer940@example.com,9101288710,2026-06-04
941,Sneha Yadav,customer941@example.com,9551706031,2026-06-23
942,Vivaan Mehta,customer942@example.com,9668886152,2026-04-05
943,Karan Sinha,customer943@example.com,9617676106,2026-04-20
944,Neha Agarwal,customer944@example.com,9963955258,2026-04-08
945,Aditi Gupta,customer945@example.com,9556865760,2026-06-28
946,Priya Mishra,customer946@example.com,9922334721,2026-02-04
947,Aditya Khan,customer947@example.com,9742411514,2026-03-01
948,Sneha Khan,customer948@example.com,9302959775,2026-05-20
949,Aarav Agarwal,customer949@example.com,9661073732,2026-01-02
950,Nisha Sharma,customer950@example.com,9502685267,2026-01-31
951,Aman Mehta,customer951@example.com,9963596758,2026-06-17
952,Sneha Patel,customer952@example.com,9214442861,2026-03-22
953,Sneha Srivastava,customer953@example.com,9728536453,2026-02-09
954,Priya Tiwari,customer954@example.com,9675638242,2026-03-06
955,Aditi Patel,customer955@example.com,9757001875,2026-04-19
956,Meera Sinha,customer956@example.com,9318714407,2026-03-12
957,Riya Sinha,customer957@example.com,9698678367,2026-04-16
958,Rahul Patel,customer958@example.com,9700322425,2026-05-04
959,Pooja Khan,customer959@example.com,9429266242,2026-05-23
960,Neha Sinha,customer960@example.com,9857519068,2026-05-28
961,Rohan Tiwari,customer961@example.com,9807899575,2026-04-12
962,Karan Mishra,customer962@example.com,9940857164,2026-01-31
963,Rahul Gupta,customer963@example.com,9330272673,2026-06-29
964,Meera Sinha,customer964@example.com,9463394867,2026-05-11
965,Simran Mehta,customer965@example.com,9835045478,2026-05-21
966,Vivaan Verma,customer966@example.com,9517796891,2026-06-30
967,Aarav Sinha,customer967@example.com,9197805621,2026-06-12
968,Pooja Agarwal,customer968@example.com,9567482967,2026-02-07
969,Aditya Khan,customer969@example.com,9338123991,2026-01-23
970,Aditya Agarwal,customer970@example.com,9140539484,2026-04-05
971,Meera Agarwal,customer971@example.com,9804562789,2026-04-09
972,Ananya Mehta,customer972@example.com,9741531280,2026-05-14
973,Rahul Srivastava,customer973@example.com,9630824004,2026-01-15
974,Aarav Singh,customer974@example.com,9805324063,2026-04-23
975,Ananya Singh,customer975@example.com,9136087763,2026-05-13
976,Nisha Yadav,customer976@example.com,9849954690,2026-06-03
977,Simran Verma,customer977@example.com,9823728171,2026-03-01
978,Neha Singh,customer978@example.com,9803321425,2026-01-10
979,Rahul Gupta,customer979@example.com,9396284956,2026-01-01
980,Neha Srivastava,customer980@example.com,9524281692,2026-04-13
981,Aditi Singh,customer981@example.com,9655921993,2026-04-14
982,Aditya Gupta,customer982@example.com,9690120616,2026-01-04
983,Riya Agarwal,customer983@example.com,9473764425,2026-03-14
984,Priya Singh,customer984@example.com,9751077748,2026-03-30
985,Kavya Jain,customer985@example.com,9717301394,2026-02-19
986,Priya Verma,customer986@example.com,9537157475,2026-01-02
987,Arjun Yadav,customer987@example.com,9177723844,2026-05-10
988,Ananya Patel,customer988@example.com,9225637455,2026-05-09
989,Priya Yadav,customer989@example.com,9973110318,2026-05-12
990,Priya Mehta,customer990@example.com,9575419205,2026-05-28
991,Aditi Mishra,customer991@example.com,9926745981,2026-04-07
992,Isha Sinha,customer992@example.com,9592684748,2026-03-04
993,Kavya Agarwal,customer993@example.com,9129367590,2026-06-24
994,Arjun Khan,customer994@example.com,9172535838,2026-05-04
995,Karan Srivastava,customer995@example.com,9852882107,2026-04-08
996,Isha Jain,customer996@example.com,9479134231,2026-02-28
997,Riya Sharma,customer997@example.com,9852498189,2026-05-13
998,Karan Khan,customer998@example.com,9199868119,2026-03-09
999,Isha Gupta,customer999@example.com,9695445137,2026-04-13
1000,Pooja Patel,customer1000@example.com,9479608458,2026-02-15
