inventory_id,store_id,product_id,quantity,reorder_level,updated_at
1,1,134,42,11,2026-09-15 18:00:00
2,1,83,62,10,2026-09-15 18:00:00
3,1,132,44,15,2026-09-15 18:00:00
4,1,194,29,17,2026-09-15 18:00:00
5,1,33,20,22,2026-09-15 18:00:00
6,1,76,5,22,2026-09-15 18:00:00
7,1,4,30,23,2026-09-15 18:00:00
8,1,111,27,11,2026-09-15 18:00:00
9,1,240,75,21,2026-09-15 18:00:00
10,1,88,54,17,2026-09-15 18:00:00
11,1,143,75,22,2026-09-15 18:00:00
12,1,144,41,14,2026-09-15 18:00:00
13,1,149,54,11,2026-09-15 18:00:00
14,1,167,71,16,2026-09-15 18:00:00
15,1,54,41,17,2026-09-15 18:00:00
16,1,178,59,23,2026-09-15 18:00:00
17,1,216,18,12,2026-09-15 18:00:00
18,1,232,41,25,2026-09-15 18:00:00
19,1,188,34,21,2026-09-15 18:00:00
20,1,23,56,24,2026-09-15 18:00:00
21,1,175,77,24,2026-09-15 18:00:00
22,1,52,57,24,2026-09-15 18:00:00
23,1,86,41,19,2026-09-15 18:00:00
24,1,199,34,16,2026-09-15 18:00:00
25,1,36,26,12,2026-09-15 18:00:00
26,1,208,40,20,2026-09-15 18:00:00
27,1,197,52,25,2026-09-15 18:00:00
28,1,65,7,22,2026-09-15 18:00:00
29,1,103,7,10,2026-09-15 18:00:00
30,1,48,33,24,2026-09-15 18:00:00
31,1,177,55,25,2026-09-15 18:00:00
32,1,70,28,15,2026-09-15 18:00:00
33,1,113,20,19,2026-09-15 18:00:00
34,1,11,14,19,2026-09-15 18:00:00
35,1,211,11,13,2026-09-15 18:00:00
36,1,18,45,14,2026-09-15 18:00:00
37,1,174,68,10,2026-09-15 18:00:00
38,1,124,29,20,2026-09-15 18:00:00
39,1,202,32,24,2026-09-15 18:00:00
40,1,115,46,17,2026-09-15 18:00:00
41,1,15,28,10,2026-09-15 18:00:00
42,1,236,60,10,2026-09-15 18:00:00
43,1,85,24,25,2026-09-15 18:00:00
44,1,219,75,16,2026-09-15 18:00:00
45,1,140,63,14,2026-09-15 18:00:00
46,1,180,37,13,2026-09-15 18:00:00
47,1,62,54,23,2026-09-15 18:00:00
48,1,204,53,25,2026-09-15 18:00:00
49,1,110,15,25,2026-09-15 18:00:00
50,1,186,77,19,2026-09-15 18:00:00
51,1,228,75,17,2026-09-15 18:00:00
52,1,128,44,22,2026-09-15 18:00:00
53,1,116,71,25,2026-09-15 18:00:00
54,1,152,30,25,2026-09-15 18:00:00
55,1,26,24,12,2026-09-15 18:00:00
56,1,5,53,18,2026-09-15 18:00:00
57,1,154,67,21,2026-09-15 18:00:00
58,1,155,9,23,2026-09-15 18:00:00
59,1,47,39,14,2026-09-15 18:00:00
60,1,170,21,13,2026-09-15 18:00:00
61,1,34,16,19,2026-09-15 18:00:00
62,1,3,25,10,2026-09-15 18:00:00
63,1,229,53,21,2026-09-15 18:00:00
64,1,183,8,12,2026-09-15 18:00:00
65,1,101,43,23,2026-09-15 18:00:00
66,1,147,15,10,2026-09-15 18:00:00
67,1,94,39,25,2026-09-15 18:00:00
68,1,130,80,11,2026-09-15 18:00:00
69,1,42,19,11,2026-09-15 18:00:00
70,1,162,8,17,2026-09-15 18:00:00
71,1,193,76,15,2026-09-15 18:00:00
72,1,17,70,25,2026-09-15 18:00:00
73,1,121,30,17,2026-09-15 18:00:00
74,1,73,12,15,2026-09-15 18:00:00
75,1,160,61,23,2026-09-15 18:00:00
76,1,27,44,12,2026-09-15 18:00:00
77,1,69,66,23,2026-09-15 18:00:00
78,1,95,29,11,2026-09-15 18:00:00
79,1,181,21,12,2026-09-15 18:00:00
80,1,220,15,23,2026-09-15 18:00:00
81,1,44,23,17,2026-09-15 18:00:00
82,1,92,40,13,2026-09-15 18:00:00
83,1,49,48,25,2026-09-15 18:00:00
84,1,77,49,15,2026-09-15 18:00:00
85,1,107,70,15,2026-09-15 18:00:00
86,1,179,33,19,2026-09-15 18:00:00
87,1,218,29,23,2026-09-15 18:00:00
88,1,139,23,15,2026-09-15 18:00:00
89,1,191,14,15,2026-09-15 18:00:00
90,1,25,12,25,2026-09-15 18:00:00
91,1,81,11,21,2026-09-15 18:00:00
92,1,224,47,24,2026-09-15 18:00:00
93,1,57,75,24,2026-09-15 18:00:00
94,1,106,39,10,2026-09-15 18:00:00
95,1,28,77,25,2026-09-15 18:00:00
96,1,61,13,18,2026-09-15 18:00:00
97,1,126,53,15,2026-09-15 18:00:00
98,1,215,21,18,2026-09-15 18:00:00
99,1,150,18,24,2026-09-15 18:00:00
100,1,237,11,24,2026-09-15 18:00:00
101,1,157,35,21,2026-09-15 18:00:00
102,1,182,58,14,2026-09-15 18:00:00
103,1,66,58,22,2026-09-15 18:00:00
104,1,91,12,24,2026-09-15 18:00:00
105,1,22,58,13,2026-09-15 18:00:00
106,1,38,18,22,2026-09-15 18:00:00
107,1,159,39,13,2026-09-15 18:00:00
108,1,64,53,24,2026-09-15 18:00:00
109,1,98,8,14,2026-09-15 18:00:00
110,1,89,16,15,2026-09-15 18:00:00
111,1,109,63,18,2026-09-15 18:00:00
112,1,164,18,12,2026-09-15 18:00:00
113,1,51,21,21,2026-09-15 18:00:00
114,1,151,55,23,2026-09-15 18:00:00
115,1,200,29,21,2026-09-15 18:00:00
116,1,16,8,16,2026-09-15 18:00:00
117,1,35,61,22,2026-09-15 18:00:00
118,1,105,33,24,2026-09-15 18:00:00
119,1,206,41,20,2026-09-15 18:00:00
120,1,102,65,18,2026-09-15 18:00:00
121,1,238,50,20,2026-09-15 18:00:00
122,1,78,71,23,2026-09-15 18:00:00
123,1,146,46,14,2026-09-15 18:00:00
124,1,74,25,18,2026-09-15 18:00:00
125,1,131,67,24,2026-09-15 18:00:00
126,1,19,76,13,2026-09-15 18:00:00
127,1,137,45,20,2026-09-15 18:00:00
128,1,231,60,12,2026-09-15 18:00:00
129,1,8,67,24,2026-09-15 18:00:00
130,1,99,7,11,2026-09-15 18:00:00
131,1,142,76,12,2026-09-15 18:00:00
132,1,133,74,18,2026-09-15 18:00:00
133,1,141,50,18,2026-09-15 18:00:00
134,1,112,42,23,2026-09-15 18:00:00
135,1,68,33,11,2026-09-15 18:00:00
136,1,168,56,21,2026-09-15 18:00:00
137,1,187,59,24,2026-09-15 18:00:00
138,1,196,14,13,2026-09-15 18:00:00
139,1,153,58,21,2026-09-15 18:00:00
140,1,84,12,19,2026-09-15 18:00:00
141,1,190,73,20,2026-09-15 18:00:00
142,1,1,32,25,2026-09-15 18:00:00
143,1,56,27,19,2026-09-15 18:00:00
144,1,32,28,15,2026-09-15 18:00:00
145,1,172,29,21,2026-09-15 18:00:00
146,1,13,19,22,2026-09-15 18:00:00
147,1,158,61,13,2026-09-15 18:00:00
148,1,234,20,17,2026-09-15 18:00:00
149,1,80,34,18,2026-09-15 18:00:00
150,1,138,9,11,2026-09-15 18:00:00
151,1,40,11,15,2026-09-15 18:00:00
152,1,12,70,22,2026-09-15 18:00:00
153,1,82,75,12,2026-09-15 18:00:00
154,1,217,59,16,2026-09-15 18:00:00
155,1,123,21,13,2026-09-15 18:00:00
156,1,87,71,18,2026-09-15 18:00:00
157,1,72,17,24,2026-09-15 18:00:00
158,1,127,68,17,2026-09-15 18:00:00
159,1,7,76,16,2026-09-15 18:00:00
160,1,104,24,25,2026-09-15 18:00:00
161,1,209,10,18,2026-09-15 18:00:00
162,1,120,22,11,2026-09-15 18:00:00
163,1,156,35,19,2026-09-15 18:00:00
164,1,55,37,14,2026-09-15 18:00:00
165,1,96,48,10,2026-09-15 18:00:00
166,1,122,39,11,2026-09-15 18:00:00
167,1,222,17,12,2026-09-15 18:00:00
168,1,201,73,17,2026-09-15 18:00:00
169,1,129,74,11,2026-09-15 18:00:00
170,1,125,76,12,2026-09-15 18:00:00
171,1,169,34,12,2026-09-15 18:00:00
172,1,9,78,25,2026-09-15 18:00:00
173,1,161,24,24,2026-09-15 18:00:00
174,1,203,13,18,2026-09-15 18:00:00
175,1,119,37,24,2026-09-15 18:00:00
176,1,63,21,15,2026-09-15 18:00:00
177,1,50,45,23,2026-09-15 18:00:00
178,1,192,76,18,2026-09-15 18:00:00
179,1,97,19,20,2026-09-15 18:00:00
180,1,71,18,11,2026-09-15 18:00:00
181,2,1,7,23,2026-09-15 18:00:00
182,2,226,37,22,2026-09-15 18:00:00
183,2,33,53,11,2026-09-15 18:00:00
184,2,17,54,18,2026-09-15 18:00:00
185,2,193,64,15,2026-09-15 18:00:00
186,2,167,57,23,2026-09-15 18:00:00
187,2,236,71,16,2026-09-15 18:00:00
188,2,30,5,10,2026-09-15 18:00:00
189,2,204,30,16,2026-09-15 18:00:00
190,2,57,29,13,2026-09-15 18:00:00
191,2,172,52,25,2026-09-15 18:00:00
192,2,52,69,24,2026-09-15 18:00:00
193,2,69,64,11,2026-09-15 18:00:00
194,2,11,54,24,2026-09-15 18:00:00
195,2,116,61,24,2026-09-15 18:00:00
196,2,130,74,21,2026-09-15 18:00:00
197,2,237,19,17,2026-09-15 18:00:00
198,2,68,16,16,2026-09-15 18:00:00
199,2,46,80,14,2026-09-15 18:00:00
200,2,110,70,25,2026-09-15 18:00:00
201,2,173,47,21,2026-09-15 18:00:00
202,2,196,78,14,2026-09-15 18:00:00
203,2,102,38,23,2026-09-15 18:00:00
204,2,64,80,16,2026-09-15 18:00:00
205,2,45,16,23,2026-09-15 18:00:00
206,2,126,31,13,2026-09-15 18:00:00
207,2,81,46,21,2026-09-15 18:00:00
208,2,146,34,18,2026-09-15 18:00:00
209,2,49,12,19,2026-09-15 18:00:00
210,2,223,39,20,2026-09-15 18:00:00
211,2,132,56,12,2026-09-15 18:00:00
212,2,122,46,15,2026-09-15 18:00:00
213,2,83,75,21,2026-09-15 18:00:00
214,2,94,70,11,2026-09-15 18:00:00
215,2,175,68,12,2026-09-15 18:00:00
216,2,62,67,22,2026-09-15 18:00:00
217,2,84,24,25,2026-09-15 18:00:00
218,2,170,33,24,2026-09-15 18:00:00
219,2,88,8,23,2026-09-15 18:00:00
220,2,159,18,21,2026-09-15 18:00:00
221,2,127,5,12,2026-09-15 18:00:00
222,2,139,50,16,2026-09-15 18:00:00
223,2,115,50,16,2026-09-15 18:00:00
224,2,162,46,17,2026-09-15 18:00:00
225,2,178,46,14,2026-09-15 18:00:00
226,2,187,11,11,2026-09-15 18:00:00
227,2,149,77,10,2026-09-15 18:00:00
228,2,150,29,23,2026-09-15 18:00:00
229,2,112,72,12,2026-09-15 18:00:00
230,2,63,9,11,2026-09-15 18:00:00
231,2,41,36,22,2026-09-15 18:00:00
232,2,61,14,16,2026-09-15 18:00:00
233,2,134,54,22,2026-09-15 18:00:00
234,2,192,33,21,2026-09-15 18:00:00
235,2,221,32,24,2026-09-15 18:00:00
236,2,77,11,20,2026-09-15 18:00:00
237,2,216,9,12,2026-09-15 18:00:00
238,2,147,71,16,2026-09-15 18:00:00
239,2,117,6,11,2026-09-15 18:00:00
240,2,203,17,22,2026-09-15 18:00:00
241,2,67,69,20,2026-09-15 18:00:00
242,2,197,30,25,2026-09-15 18:00:00
243,2,40,20,10,2026-09-15 18:00:00
244,2,219,43,15,2026-09-15 18:00:00
245,2,72,20,18,2026-09-15 18:00:00
246,2,80,35,15,2026-09-15 18:00:00
247,2,23,73,18,2026-09-15 18:00:00
248,2,114,24,15,2026-09-15 18:00:00
249,2,90,42,15,2026-09-15 18:00:00
250,2,54,15,24,2026-09-15 18:00:00
251,2,153,46,21,2026-09-15 18:00:00
252,2,109,45,13,2026-09-15 18:00:00
253,2,124,48,12,2026-09-15 18:00:00
254,2,120,70,15,2026-09-15 18:00:00
255,2,93,41,21,2026-09-15 18:00:00
256,2,231,71,21,2026-09-15 18:00:00
257,2,106,16,24,2026-09-15 18:00:00
258,2,36,57,12,2026-09-15 18:00:00
259,2,31,21,10,2026-09-15 18:00:00
260,2,2,10,13,2026-09-15 18:00:00
261,2,37,74,23,2026-09-15 18:00:00
262,2,125,13,22,2026-09-15 18:00:00
263,2,59,74,13,2026-09-15 18:00:00
264,2,86,77,17,2026-09-15 18:00:00
265,2,142,68,19,2026-09-15 18:00:00
266,2,224,23,20,2026-09-15 18:00:00
267,2,16,17,25,2026-09-15 18:00:00
268,2,113,79,14,2026-09-15 18:00:00
269,2,152,40,10,2026-09-15 18:00:00
270,2,154,41,15,2026-09-15 18:00:00
271,2,39,71,10,2026-09-15 18:00:00
272,2,76,68,15,2026-09-15 18:00:00
273,2,201,53,19,2026-09-15 18:00:00
274,2,95,72,13,2026-09-15 18:00:00
275,2,105,59,13,2026-09-15 18:00:00
276,2,123,43,19,2026-09-15 18:00:00
277,2,161,31,17,2026-09-15 18:00:00
278,2,121,30,25,2026-09-15 18:00:00
279,2,168,11,10,2026-09-15 18:00:00
280,2,10,80,11,2026-09-15 18:00:00
281,2,48,56,11,2026-09-15 18:00:00
282,2,18,15,15,2026-09-15 18:00:00
283,2,211,11,17,2026-09-15 18:00:00
284,2,156,17,18,2026-09-15 18:00:00
285,2,180,40,10,2026-09-15 18:00:00
286,2,166,54,11,2026-09-15 18:00:00
287,2,214,32,17,2026-09-15 18:00:00
288,2,9,40,13,2026-09-15 18:00:00
289,2,21,55,24,2026-09-15 18:00:00
290,2,70,30,25,2026-09-15 18:00:00
291,2,163,11,10,2026-09-15 18:00:00
292,2,53,56,13,2026-09-15 18:00:00
293,2,71,53,19,2026-09-15 18:00:00
294,2,85,14,12,2026-09-15 18:00:00
295,2,58,76,20,2026-09-15 18:00:00
296,2,98,32,21,2026-09-15 18:00:00
297,2,78,71,11,2026-09-15 18:00:00
298,2,73,64,23,2026-09-15 18:00:00
299,2,29,55,18,2026-09-15 18:00:00
300,2,151,14,17,2026-09-15 18:00:00
301,2,228,48,19,2026-09-15 18:00:00
302,2,35,30,14,2026-09-15 18:00:00
303,2,43,21,23,2026-09-15 18:00:00
304,2,157,6,13,2026-09-15 18:00:00
305,2,89,57,16,2026-09-15 18:00:00
306,2,165,54,12,2026-09-15 18:00:00
307,2,42,39,20,2026-09-15 18:00:00
308,2,160,70,17,2026-09-15 18:00:00
309,2,25,37,19,2026-09-15 18:00:00
310,2,12,21,13,2026-09-15 18:00:00
311,2,215,33,23,2026-09-15 18:00:00
312,2,8,58,15,2026-09-15 18:00:00
313,2,55,34,15,2026-09-15 18:00:00
314,2,217,58,25,2026-09-15 18:00:00
315,2,218,39,16,2026-09-15 18:00:00
316,2,176,77,20,2026-09-15 18:00:00
317,2,26,25,22,2026-09-15 18:00:00
318,2,50,31,23,2026-09-15 18:00:00
319,2,191,31,21,2026-09-15 18:00:00
320,2,108,21,20,2026-09-15 18:00:00
321,2,3,63,15,2026-09-15 18:00:00
322,2,202,38,24,2026-09-15 18:00:00
323,2,51,67,11,2026-09-15 18:00:00
324,2,74,55,23,2026-09-15 18:00:00
325,2,101,10,23,2026-09-15 18:00:00
326,2,136,45,23,2026-09-15 18:00:00
327,2,158,50,19,2026-09-15 18:00:00
328,2,97,45,15,2026-09-15 18:00:00
329,2,79,41,18,2026-09-15 18:00:00
330,2,155,13,20,2026-09-15 18:00:00
331,2,183,60,24,2026-09-15 18:00:00
332,2,212,26,19,2026-09-15 18:00:00
333,2,179,80,19,2026-09-15 18:00:00
334,2,7,28,17,2026-09-15 18:00:00
335,2,235,35,25,2026-09-15 18:00:00
336,2,22,73,18,2026-09-15 18:00:00
337,2,220,58,25,2026-09-15 18:00:00
338,2,209,5,12,2026-09-15 18:00:00
339,2,206,45,11,2026-09-15 18:00:00
340,2,5,73,18,2026-09-15 18:00:00
341,2,100,65,14,2026-09-15 18:00:00
342,2,184,58,11,2026-09-15 18:00:00
343,2,119,75,11,2026-09-15 18:00:00
344,2,208,19,24,2026-09-15 18:00:00
345,2,133,16,16,2026-09-15 18:00:00
346,2,239,24,24,2026-09-15 18:00:00
347,2,198,70,21,2026-09-15 18:00:00
348,2,240,24,11,2026-09-15 18:00:00
349,2,137,71,10,2026-09-15 18:00:00
350,2,87,11,15,2026-09-15 18:00:00
351,2,34,42,22,2026-09-15 18:00:00
352,2,19,7,22,2026-09-15 18:00:00
353,2,200,72,14,2026-09-15 18:00:00
354,2,138,57,16,2026-09-15 18:00:00
355,2,238,67,21,2026-09-15 18:00:00
356,2,128,9,23,2026-09-15 18:00:00
357,2,56,49,12,2026-09-15 18:00:00
358,2,96,37,10,2026-09-15 18:00:00
359,2,60,32,17,2026-09-15 18:00:00
360,2,28,70,12,2026-09-15 18:00:00
361,3,111,18,18,2026-09-15 18:00:00
362,3,238,30,24,2026-09-15 18:00:00
363,3,149,62,20,2026-09-15 18:00:00
364,3,107,73,13,2026-09-15 18:00:00
365,3,121,71,15,2026-09-15 18:00:00
366,3,86,31,21,2026-09-15 18:00:00
367,3,210,22,17,2026-09-15 18:00:00
368,3,2,18,16,2026-09-15 18:00:00
369,3,77,20,21,2026-09-15 18:00:00
370,3,232,17,15,2026-09-15 18:00:00
371,3,108,39,20,2026-09-15 18:00:00
372,3,70,74,24,2026-09-15 18:00:00
373,3,162,18,25,2026-09-15 18:00:00
374,3,177,44,24,2026-09-15 18:00:00
375,3,54,67,22,2026-09-15 18:00:00
376,3,182,12,18,2026-09-15 18:00:00
377,3,14,53,10,2026-09-15 18:00:00
378,3,127,39,13,2026-09-15 18:00:00
379,3,128,45,16,2026-09-15 18:00:00
380,3,47,36,22,2026-09-15 18:00:00
381,3,13,8,12,2026-09-15 18:00:00
382,3,120,35,14,2026-09-15 18:00:00
383,3,170,14,15,2026-09-15 18:00:00
384,3,132,20,13,2026-09-15 18:00:00
385,3,220,6,20,2026-09-15 18:00:00
386,3,196,42,15,2026-09-15 18:00:00
387,3,48,16,23,2026-09-15 18:00:00
388,3,140,43,13,2026-09-15 18:00:00
389,3,41,57,12,2026-09-15 18:00:00
390,3,179,50,16,2026-09-15 18:00:00
391,3,118,49,20,2026-09-15 18:00:00
392,3,189,69,25,2026-09-15 18:00:00
393,3,58,16,18,2026-09-15 18:00:00
394,3,146,49,19,2026-09-15 18:00:00
395,3,137,41,24,2026-09-15 18:00:00
396,3,12,35,25,2026-09-15 18:00:00
397,3,239,49,21,2026-09-15 18:00:00
398,3,200,72,24,2026-09-15 18:00:00
399,3,157,68,20,2026-09-15 18:00:00
400,3,215,15,22,2026-09-15 18:00:00
401,3,206,54,12,2026-09-15 18:00:00
402,3,191,43,17,2026-09-15 18:00:00
403,3,131,68,18,2026-09-15 18:00:00
404,3,201,77,24,2026-09-15 18:00:00
405,3,172,35,24,2026-09-15 18:00:00
406,3,148,15,16,2026-09-15 18:00:00
407,3,235,78,12,2026-09-15 18:00:00
408,3,208,49,24,2026-09-15 18:00:00
409,3,123,52,24,2026-09-15 18:00:00
410,3,234,12,17,2026-09-15 18:00:00
411,3,80,46,19,2026-09-15 18:00:00
412,3,115,64,16,2026-09-15 18:00:00
413,3,183,68,11,2026-09-15 18:00:00
414,3,100,68,18,2026-09-15 18:00:00
415,3,160,32,13,2026-09-15 18:00:00
416,3,226,37,12,2026-09-15 18:00:00
417,3,7,79,16,2026-09-15 18:00:00
418,3,74,77,23,2026-09-15 18:00:00
419,3,225,57,14,2026-09-15 18:00:00
420,3,87,77,12,2026-09-15 18:00:00
421,3,19,72,14,2026-09-15 18:00:00
422,3,10,64,15,2026-09-15 18:00:00
423,3,93,9,17,2026-09-15 18:00:00
424,3,138,52,24,2026-09-15 18:00:00
425,3,56,38,11,2026-09-15 18:00:00
426,3,125,47,24,2026-09-15 18:00:00
427,3,141,12,24,2026-09-15 18:00:00
428,3,190,44,24,2026-09-15 18:00:00
429,3,154,38,13,2026-09-15 18:00:00
430,3,217,68,13,2026-09-15 18:00:00
431,3,110,46,19,2026-09-15 18:00:00
432,3,11,17,10,2026-09-15 18:00:00
433,3,16,47,13,2026-09-15 18:00:00
434,3,96,36,21,2026-09-15 18:00:00
435,3,231,75,12,2026-09-15 18:00:00
436,3,36,66,21,2026-09-15 18:00:00
437,3,178,61,12,2026-09-15 18:00:00
438,3,180,16,20,2026-09-15 18:00:00
439,3,136,39,22,2026-09-15 18:00:00
440,3,171,62,18,2026-09-15 18:00:00
441,3,112,75,20,2026-09-15 18:00:00
442,3,133,37,19,2026-09-15 18:00:00
443,3,202,64,16,2026-09-15 18:00:00
444,3,216,25,22,2026-09-15 18:00:00
445,3,90,7,12,2026-09-15 18:00:00
446,3,156,38,25,2026-09-15 18:00:00
447,3,5,44,21,2026-09-15 18:00:00
448,3,126,10,15,2026-09-15 18:00:00
449,3,236,76,19,2026-09-15 18:00:00
450,3,198,34,13,2026-09-15 18:00:00
451,3,139,18,20,2026-09-15 18:00:00
452,3,68,40,10,2026-09-15 18:00:00
453,3,59,61,25,2026-09-15 18:00:00
454,3,147,12,13,2026-09-15 18:00:00
455,3,95,65,23,2026-09-15 18:00:00
456,3,6,5,17,2026-09-15 18:00:00
457,3,26,54,21,2026-09-15 18:00:00
458,3,203,12,15,2026-09-15 18:00:00
459,3,21,33,15,2026-09-15 18:00:00
460,3,75,39,15,2026-09-15 18:00:00
461,3,228,50,12,2026-09-15 18:00:00
462,3,55,35,12,2026-09-15 18:00:00
463,3,85,10,19,2026-09-15 18:00:00
464,3,205,64,12,2026-09-15 18:00:00
465,3,44,64,18,2026-09-15 18:00:00
466,3,109,31,13,2026-09-15 18:00:00
467,3,91,38,23,2026-09-15 18:00:00
468,3,40,6,12,2026-09-15 18:00:00
469,3,192,39,20,2026-09-15 18:00:00
470,3,211,71,13,2026-09-15 18:00:00
471,3,83,7,20,2026-09-15 18:00:00
472,3,209,56,13,2026-09-15 18:00:00
473,3,57,75,18,2026-09-15 18:00:00
474,3,1,65,25,2026-09-15 18:00:00
475,3,167,65,16,2026-09-15 18:00:00
476,3,194,45,22,2026-09-15 18:00:00
477,3,199,62,13,2026-09-15 18:00:00
478,3,155,76,16,2026-09-15 18:00:00
479,3,193,22,21,2026-09-15 18:00:00
480,3,153,23,21,2026-09-15 18:00:00
481,3,222,42,24,2026-09-15 18:00:00
482,3,63,6,24,2026-09-15 18:00:00
483,3,72,53,18,2026-09-15 18:00:00
484,3,15,62,20,2026-09-15 18:00:00
485,3,184,63,12,2026-09-15 18:00:00
486,3,69,10,17,2026-09-15 18:00:00
487,3,152,13,24,2026-09-15 18:00:00
488,3,71,63,21,2026-09-15 18:00:00
489,3,224,27,24,2026-09-15 18:00:00
490,3,32,5,17,2026-09-15 18:00:00
491,3,145,5,22,2026-09-15 18:00:00
492,3,214,27,12,2026-09-15 18:00:00
493,3,219,29,10,2026-09-15 18:00:00
494,3,213,79,15,2026-09-15 18:00:00
495,3,35,31,23,2026-09-15 18:00:00
496,3,158,45,21,2026-09-15 18:00:00
497,3,3,26,17,2026-09-15 18:00:00
498,3,233,69,20,2026-09-15 18:00:00
499,3,144,75,25,2026-09-15 18:00:00
500,3,105,6,25,2026-09-15 18:00:00
501,3,53,22,14,2026-09-15 18:00:00
502,3,174,23,12,2026-09-15 18:00:00
503,3,78,37,18,2026-09-15 18:00:00
504,3,50,44,23,2026-09-15 18:00:00
505,3,20,59,13,2026-09-15 18:00:00
506,3,151,53,13,2026-09-15 18:00:00
507,3,94,39,22,2026-09-15 18:00:00
508,3,164,77,20,2026-09-15 18:00:00
509,3,27,69,19,2026-09-15 18:00:00
510,3,188,8,16,2026-09-15 18:00:00
511,3,23,40,25,2026-09-15 18:00:00
512,3,102,32,12,2026-09-15 18:00:00
513,3,129,42,13,2026-09-15 18:00:00
514,3,168,16,21,2026-09-15 18:00:00
515,3,52,23,14,2026-09-15 18:00:00
516,3,221,38,25,2026-09-15 18:00:00
517,3,169,37,16,2026-09-15 18:00:00
518,3,34,56,25,2026-09-15 18:00:00
519,3,17,80,14,2026-09-15 18:00:00
520,3,81,17,23,2026-09-15 18:00:00
521,3,33,61,12,2026-09-15 18:00:00
522,3,28,35,13,2026-09-15 18:00:00
523,3,163,10,22,2026-09-15 18:00:00
524,3,165,71,16,2026-09-15 18:00:00
525,3,142,13,14,2026-09-15 18:00:00
526,3,114,59,23,2026-09-15 18:00:00
527,3,67,21,14,2026-09-15 18:00:00
528,3,159,14,18,2026-09-15 18:00:00
529,3,103,52,22,2026-09-15 18:00:00
530,3,150,65,22,2026-09-15 18:00:00
531,3,38,70,16,2026-09-15 18:00:00
532,3,43,75,23,2026-09-15 18:00:00
533,3,92,46,10,2026-09-15 18:00:00
534,3,30,13,23,2026-09-15 18:00:00
535,3,73,53,10,2026-09-15 18:00:00
536,3,227,20,15,2026-09-15 18:00:00
537,3,76,47,24,2026-09-15 18:00:00
538,3,62,28,23,2026-09-15 18:00:00
539,3,99,19,23,2026-09-15 18:00:00
540,3,29,33,16,2026-09-15 18:00:00
541,4,199,46,22,2026-09-15 18:00:00
542,4,144,75,22,2026-09-15 18:00:00
543,4,57,25,10,2026-09-15 18:00:00
544,4,188,59,15,2026-09-15 18:00:00
545,4,196,40,17,2026-09-15 18:00:00
546,4,64,18,25,2026-09-15 18:00:00
547,4,17,19,18,2026-09-15 18:00:00
548,4,38,34,12,2026-09-15 18:00:00
549,4,79,36,22,2026-09-15 18:00:00
550,4,219,68,12,2026-09-15 18:00:00
551,4,108,60,24,2026-09-15 18:00:00
552,4,187,54,15,2026-09-15 18:00:00
553,4,124,17,10,2026-09-15 18:00:00
554,4,97,51,17,2026-09-15 18:00:00
555,4,215,76,25,2026-09-15 18:00:00
556,4,128,20,18,2026-09-15 18:00:00
557,4,225,7,24,2026-09-15 18:00:00
558,4,237,12,25,2026-09-15 18:00:00
559,4,200,38,12,2026-09-15 18:00:00
560,4,50,6,21,2026-09-15 18:00:00
561,4,209,51,23,2026-09-15 18:00:00
562,4,113,41,10,2026-09-15 18:00:00
563,4,148,77,22,2026-09-15 18:00:00
564,4,138,65,20,2026-09-15 18:00:00
565,4,142,52,20,2026-09-15 18:00:00
566,4,152,27,20,2026-09-15 18:00:00
567,4,6,60,22,2026-09-15 18:00:00
568,4,202,55,23,2026-09-15 18:00:00
569,4,1,13,18,2026-09-15 18:00:00
570,4,171,50,20,2026-09-15 18:00:00
571,4,129,6,24,2026-09-15 18:00:00
572,4,78,11,12,2026-09-15 18:00:00
573,4,182,76,24,2026-09-15 18:00:00
574,4,166,49,18,2026-09-15 18:00:00
575,4,54,64,12,2026-09-15 18:00:00
576,4,132,31,18,2026-09-15 18:00:00
577,4,72,72,12,2026-09-15 18:00:00
578,4,239,37,10,2026-09-15 18:00:00
579,4,96,6,11,2026-09-15 18:00:00
580,4,31,56,20,2026-09-15 18:00:00
581,4,95,77,16,2026-09-15 18:00:00
582,4,177,38,19,2026-09-15 18:00:00
583,4,156,33,20,2026-09-15 18:00:00
584,4,227,25,14,2026-09-15 18:00:00
585,4,153,68,12,2026-09-15 18:00:00
586,4,216,16,18,2026-09-15 18:00:00
587,4,27,16,20,2026-09-15 18:00:00
588,4,206,57,22,2026-09-15 18:00:00
589,4,34,67,13,2026-09-15 18:00:00
590,4,43,77,21,2026-09-15 18:00:00
591,4,172,29,23,2026-09-15 18:00:00
592,4,234,31,12,2026-09-15 18:00:00
593,4,44,40,23,2026-09-15 18:00:00
594,4,73,79,16,2026-09-15 18:00:00
595,4,146,28,22,2026-09-15 18:00:00
596,4,93,68,13,2026-09-15 18:00:00
597,4,71,38,22,2026-09-15 18:00:00
598,4,221,29,11,2026-09-15 18:00:00
599,4,173,23,17,2026-09-15 18:00:00
600,4,191,21,24,2026-09-15 18:00:00
601,4,150,52,24,2026-09-15 18:00:00
602,4,186,41,12,2026-09-15 18:00:00
603,4,7,17,14,2026-09-15 18:00:00
604,4,49,47,18,2026-09-15 18:00:00
605,4,40,61,19,2026-09-15 18:00:00
606,4,86,59,12,2026-09-15 18:00:00
607,4,55,50,22,2026-09-15 18:00:00
608,4,230,23,21,2026-09-15 18:00:00
609,4,28,73,11,2026-09-15 18:00:00
610,4,80,27,22,2026-09-15 18:00:00
611,4,204,62,11,2026-09-15 18:00:00
612,4,238,60,22,2026-09-15 18:00:00
613,4,134,22,18,2026-09-15 18:00:00
614,4,3,62,12,2026-09-15 18:00:00
615,4,89,6,10,2026-09-15 18:00:00
616,4,19,17,11,2026-09-15 18:00:00
617,4,83,64,18,2026-09-15 18:00:00
618,4,130,62,21,2026-09-15 18:00:00
619,4,226,25,22,2026-09-15 18:00:00
620,4,85,69,12,2026-09-15 18:00:00
621,4,47,72,10,2026-09-15 18:00:00
622,4,115,57,13,2026-09-15 18:00:00
623,4,228,55,17,2026-09-15 18:00:00
624,4,133,26,11,2026-09-15 18:00:00
625,4,169,78,10,2026-09-15 18:00:00
626,4,75,21,23,2026-09-15 18:00:00
627,4,16,75,23,2026-09-15 18:00:00
628,4,74,11,23,2026-09-15 18:00:00
629,4,105,40,18,2026-09-15 18:00:00
630,4,208,80,10,2026-09-15 18:00:00
631,4,91,49,25,2026-09-15 18:00:00
632,4,15,12,24,2026-09-15 18:00:00
633,4,236,19,23,2026-09-15 18:00:00
634,4,112,17,21,2026-09-15 18:00:00
635,4,63,70,22,2026-09-15 18:00:00
636,4,205,27,23,2026-09-15 18:00:00
637,4,45,44,11,2026-09-15 18:00:00
638,4,136,62,16,2026-09-15 18:00:00
639,4,46,45,12,2026-09-15 18:00:00
640,4,59,42,13,2026-09-15 18:00:00
641,4,223,7,12,2026-09-15 18:00:00
642,4,106,54,15,2026-09-15 18:00:00
643,4,107,23,20,2026-09-15 18:00:00
644,4,10,62,21,2026-09-15 18:00:00
645,4,197,59,21,2026-09-15 18:00:00
646,4,101,61,11,2026-09-15 18:00:00
647,4,52,30,15,2026-09-15 18:00:00
648,4,22,43,18,2026-09-15 18:00:00
649,4,92,37,11,2026-09-15 18:00:00
650,4,41,32,25,2026-09-15 18:00:00
651,4,125,6,18,2026-09-15 18:00:00
652,4,26,63,20,2026-09-15 18:00:00
653,4,114,64,12,2026-09-15 18:00:00
654,4,198,63,20,2026-09-15 18:00:00
655,4,53,31,20,2026-09-15 18:00:00
656,4,141,56,18,2026-09-15 18:00:00
657,4,37,41,16,2026-09-15 18:00:00
658,4,56,13,16,2026-09-15 18:00:00
659,4,183,27,21,2026-09-15 18:00:00
660,4,157,75,10,2026-09-15 18:00:00
661,4,104,51,15,2026-09-15 18:00:00
662,4,207,21,11,2026-09-15 18:00:00
663,4,143,47,14,2026-09-15 18:00:00
664,4,5,58,12,2026-09-15 18:00:00
665,4,231,73,15,2026-09-15 18:00:00
666,4,25,55,12,2026-09-15 18:00:00
667,4,140,28,24,2026-09-15 18:00:00
668,4,126,53,24,2026-09-15 18:00:00
669,4,119,40,22,2026-09-15 18:00:00
670,4,240,5,12,2026-09-15 18:00:00
671,4,8,14,11,2026-09-15 18:00:00
672,4,229,69,14,2026-09-15 18:00:00
673,4,192,38,17,2026-09-15 18:00:00
674,4,35,26,18,2026-09-15 18:00:00
675,4,111,67,11,2026-09-15 18:00:00
676,4,232,13,17,2026-09-15 18:00:00
677,4,179,70,10,2026-09-15 18:00:00
678,4,70,67,16,2026-09-15 18:00:00
679,4,155,73,10,2026-09-15 18:00:00
680,4,48,48,10,2026-09-15 18:00:00
681,4,203,68,16,2026-09-15 18:00:00
682,4,178,78,25,2026-09-15 18:00:00
683,4,99,13,20,2026-09-15 18:00:00
684,4,33,50,22,2026-09-15 18:00:00
685,4,61,74,14,2026-09-15 18:00:00
686,4,211,44,19,2026-09-15 18:00:00
687,4,116,41,20,2026-09-15 18:00:00
688,4,20,53,11,2026-09-15 18:00:00
689,4,94,67,18,2026-09-15 18:00:00
690,4,18,60,24,2026-09-15 18:00:00
691,4,160,80,25,2026-09-15 18:00:00
692,4,58,32,11,2026-09-15 18:00:00
693,4,68,33,14,2026-09-15 18:00:00
694,4,162,76,19,2026-09-15 18:00:00
695,4,120,79,13,2026-09-15 18:00:00
696,4,145,6,20,2026-09-15 18:00:00
697,4,154,6,10,2026-09-15 18:00:00
698,4,82,51,13,2026-09-15 18:00:00
699,4,139,31,22,2026-09-15 18:00:00
700,4,170,39,21,2026-09-15 18:00:00
701,4,165,80,12,2026-09-15 18:00:00
702,4,109,27,16,2026-09-15 18:00:00
703,4,168,76,11,2026-09-15 18:00:00
704,4,81,59,17,2026-09-15 18:00:00
705,4,77,80,20,2026-09-15 18:00:00
706,4,137,45,20,2026-09-15 18:00:00
707,4,87,34,15,2026-09-15 18:00:00
708,4,222,58,22,2026-09-15 18:00:00
709,4,103,57,15,2026-09-15 18:00:00
710,4,9,30,18,2026-09-15 18:00:00
711,4,212,62,24,2026-09-15 18:00:00
712,4,65,45,12,2026-09-15 18:00:00
713,4,147,73,24,2026-09-15 18:00:00
714,4,14,68,17,2026-09-15 18:00:00
715,4,175,29,11,2026-09-15 18:00:00
716,4,51,22,25,2026-09-15 18:00:00
717,4,185,22,22,2026-09-15 18:00:00
718,4,127,64,13,2026-09-15 18:00:00
719,4,110,31,15,2026-09-15 18:00:00
720,4,23,39,12,2026-09-15 18:00:00
721,5,79,77,15,2026-09-15 18:00:00
722,5,144,63,22,2026-09-15 18:00:00
723,5,238,47,21,2026-09-15 18:00:00
724,5,116,23,19,2026-09-15 18:00:00
725,5,224,74,15,2026-09-15 18:00:00
726,5,185,77,17,2026-09-15 18:00:00
727,5,178,44,15,2026-09-15 18:00:00
728,5,191,28,25,2026-09-15 18:00:00
729,5,156,73,10,2026-09-15 18:00:00
730,5,80,64,12,2026-09-15 18:00:00
731,5,120,68,15,2026-09-15 18:00:00
732,5,100,49,21,2026-09-15 18:00:00
733,5,154,52,14,2026-09-15 18:00:00
734,5,169,80,17,2026-09-15 18:00:00
735,5,62,27,19,2026-09-15 18:00:00
736,5,217,78,20,2026-09-15 18:00:00
737,5,37,28,22,2026-09-15 18:00:00
738,5,85,62,17,2026-09-15 18:00:00
739,5,190,18,19,2026-09-15 18:00:00
740,5,121,18,12,2026-09-15 18:00:00
741,5,47,18,15,2026-09-15 18:00:00
742,5,97,77,17,2026-09-15 18:00:00
743,5,13,19,20,2026-09-15 18:00:00
744,5,73,56,13,2026-09-15 18:00:00
745,5,225,30,25,2026-09-15 18:00:00
746,5,200,38,24,2026-09-15 18:00:00
747,5,157,60,25,2026-09-15 18:00:00
748,5,213,26,15,2026-09-15 18:00:00
749,5,8,27,11,2026-09-15 18:00:00
750,5,160,47,13,2026-09-15 18:00:00
751,5,35,44,18,2026-09-15 18:00:00
752,5,91,36,14,2026-09-15 18:00:00
753,5,173,39,17,2026-09-15 18:00:00
754,5,39,47,24,2026-09-15 18:00:00
755,5,215,31,18,2026-09-15 18:00:00
756,5,167,40,24,2026-09-15 18:00:00
757,5,33,21,10,2026-09-15 18:00:00
758,5,136,74,25,2026-09-15 18:00:00
759,5,11,53,10,2026-09-15 18:00:00
760,5,59,7,14,2026-09-15 18:00:00
761,5,150,26,14,2026-09-15 18:00:00
762,5,222,48,24,2026-09-15 18:00:00
763,5,9,51,13,2026-09-15 18:00:00
764,5,146,50,20,2026-09-15 18:00:00
765,5,239,32,14,2026-09-15 18:00:00
766,5,142,38,11,2026-09-15 18:00:00
767,5,1,18,21,2026-09-15 18:00:00
768,5,40,25,18,2026-09-15 18:00:00
769,5,88,56,19,2026-09-15 18:00:00
770,5,166,31,23,2026-09-15 18:00:00
771,5,61,17,25,2026-09-15 18:00:00
772,5,95,79,11,2026-09-15 18:00:00
773,5,236,39,22,2026-09-15 18:00:00
774,5,64,26,12,2026-09-15 18:00:00
775,5,240,80,18,2026-09-15 18:00:00
776,5,195,54,21,2026-09-15 18:00:00
777,5,216,13,12,2026-09-15 18:00:00
778,5,114,18,13,2026-09-15 18:00:00
779,5,172,79,14,2026-09-15 18:00:00
780,5,26,80,12,2026-09-15 18:00:00
781,5,38,39,24,2026-09-15 18:00:00
782,5,67,59,14,2026-09-15 18:00:00
783,5,78,19,18,2026-09-15 18:00:00
784,5,149,16,12,2026-09-15 18:00:00
785,5,124,22,24,2026-09-15 18:00:00
786,5,176,37,16,2026-09-15 18:00:00
787,5,139,55,23,2026-09-15 18:00:00
788,5,128,34,10,2026-09-15 18:00:00
789,5,161,77,10,2026-09-15 18:00:00
790,5,46,20,10,2026-09-15 18:00:00
791,5,111,17,17,2026-09-15 18:00:00
792,5,132,18,25,2026-09-15 18:00:00
793,5,92,16,25,2026-09-15 18:00:00
794,5,106,34,11,2026-09-15 18:00:00
795,5,81,31,23,2026-09-15 18:00:00
796,5,94,33,12,2026-09-15 18:00:00
797,5,4,62,18,2026-09-15 18:00:00
798,5,168,18,14,2026-09-15 18:00:00
799,5,210,33,11,2026-09-15 18:00:00
800,5,133,71,14,2026-09-15 18:00:00
801,5,72,19,25,2026-09-15 18:00:00
802,5,199,15,25,2026-09-15 18:00:00
803,5,3,54,20,2026-09-15 18:00:00
804,5,77,53,11,2026-09-15 18:00:00
805,5,76,19,25,2026-09-15 18:00:00
806,5,63,73,18,2026-09-15 18:00:00
807,5,234,51,12,2026-09-15 18:00:00
808,5,207,28,17,2026-09-15 18:00:00
809,5,71,18,11,2026-09-15 18:00:00
810,5,108,65,10,2026-09-15 18:00:00
811,5,68,51,17,2026-09-15 18:00:00
812,5,93,70,21,2026-09-15 18:00:00
813,5,41,14,16,2026-09-15 18:00:00
814,5,148,60,10,2026-09-15 18:00:00
815,5,202,15,14,2026-09-15 18:00:00
816,5,201,70,15,2026-09-15 18:00:00
817,5,74,57,13,2026-09-15 18:00:00
818,5,197,9,19,2026-09-15 18:00:00
819,5,209,78,18,2026-09-15 18:00:00
820,5,187,35,22,2026-09-15 18:00:00
821,5,141,47,23,2026-09-15 18:00:00
822,5,27,74,10,2026-09-15 18:00:00
823,5,138,5,15,2026-09-15 18:00:00
824,5,96,17,16,2026-09-15 18:00:00
825,5,232,75,13,2026-09-15 18:00:00
826,5,155,6,23,2026-09-15 18:00:00
827,5,126,79,11,2026-09-15 18:00:00
828,5,48,56,13,2026-09-15 18:00:00
829,5,109,54,22,2026-09-15 18:00:00
830,5,44,48,23,2026-09-15 18:00:00
831,5,83,76,11,2026-09-15 18:00:00
832,5,214,56,21,2026-09-15 18:00:00
833,5,192,37,14,2026-09-15 18:00:00
834,5,69,48,20,2026-09-15 18:00:00
835,5,115,30,20,2026-09-15 18:00:00
836,5,205,11,12,2026-09-15 18:00:00
837,5,86,39,11,2026-09-15 18:00:00
838,5,25,77,14,2026-09-15 18:00:00
839,5,127,55,21,2026-09-15 18:00:00
840,5,229,75,20,2026-09-15 18:00:00
841,5,107,17,21,2026-09-15 18:00:00
842,5,233,16,17,2026-09-15 18:00:00
843,5,130,25,25,2026-09-15 18:00:00
844,5,43,46,25,2026-09-15 18:00:00
845,5,112,50,18,2026-09-15 18:00:00
846,5,24,41,12,2026-09-15 18:00:00
847,5,12,5,17,2026-09-15 18:00:00
848,5,180,29,14,2026-09-15 18:00:00
849,5,228,49,19,2026-09-15 18:00:00
850,5,45,67,14,2026-09-15 18:00:00
851,5,145,56,18,2026-09-15 18:00:00
852,5,90,26,23,2026-09-15 18:00:00
853,5,87,57,13,2026-09-15 18:00:00
854,5,219,73,25,2026-09-15 18:00:00
855,5,231,50,20,2026-09-15 18:00:00
856,5,117,62,20,2026-09-15 18:00:00
857,5,226,5,23,2026-09-15 18:00:00
858,5,51,69,20,2026-09-15 18:00:00
859,5,140,75,25,2026-09-15 18:00:00
860,5,52,62,13,2026-09-15 18:00:00
861,5,164,32,22,2026-09-15 18:00:00
862,5,23,3,10,2026-09-15 18:00:00
863,5,188,19,22,2026-09-15 18:00:00
864,5,98,70,11,2026-09-15 18:00:00
865,5,7,17,14,2026-09-15 18:00:00
866,5,10,78,18,2026-09-15 18:00:00
867,5,14,73,21,2026-09-15 18:00:00
868,5,230,56,11,2026-09-15 18:00:00
869,5,123,47,18,2026-09-15 18:00:00
870,5,99,34,23,2026-09-15 18:00:00
871,5,137,73,12,2026-09-15 18:00:00
872,5,147,19,25,2026-09-15 18:00:00
873,5,162,72,25,2026-09-15 18:00:00
874,5,206,29,15,2026-09-15 18:00:00
875,5,66,19,21,2026-09-15 18:00:00
876,5,194,7,23,2026-09-15 18:00:00
877,5,29,69,21,2026-09-15 18:00:00
878,5,104,12,22,2026-09-15 18:00:00
879,5,22,7,20,2026-09-15 18:00:00
880,5,165,50,20,2026-09-15 18:00:00
881,5,135,43,13,2026-09-15 18:00:00
882,5,211,79,24,2026-09-15 18:00:00
883,5,179,24,13,2026-09-15 18:00:00
884,5,57,52,15,2026-09-15 18:00:00
885,5,186,47,13,2026-09-15 18:00:00
886,5,193,48,25,2026-09-15 18:00:00
887,5,153,70,16,2026-09-15 18:00:00
888,5,189,10,11,2026-09-15 18:00:00
889,5,170,51,13,2026-09-15 18:00:00
890,5,227,77,18,2026-09-15 18:00:00
891,5,220,21,11,2026-09-15 18:00:00
892,5,101,5,13,2026-09-15 18:00:00
893,5,18,17,18,2026-09-15 18:00:00
894,5,103,10,13,2026-09-15 18:00:00
895,5,152,26,24,2026-09-15 18:00:00
896,5,159,55,16,2026-09-15 18:00:00
897,5,204,45,15,2026-09-15 18:00:00
898,5,208,9,19,2026-09-15 18:00:00
899,5,82,7,19,2026-09-15 18:00:00
900,5,122,36,16,2026-09-15 18:00:00
